"Time (s)","Latitude (°)","Longitude (°)","Height (m)","Velocity (m/s)","Direction (°)","Horizontal Accuracy (m)","Vertical Accuracy (m)"
2.297607717E1,6.506638470E1,2.550416940E1,NaN,NaN,NaN,1.200000000E3,0.000000000E0
2.360546808E1,6.506638470E1,2.550416940E1,NaN,NaN,NaN,1.204402954E3,0.000000000E0
2.598507717E1,6.506978167E1,2.550253667E1,1.311511786E1,4.910449982E-1,4.590000153E0,7.199999809E0,1.161999969E2
2.698507717E1,6.506977333E1,2.550241500E1,1.281512940E1,2.130949944E-1,4.590000153E0,4.699999809E0,5.150000000E1
2.819107717E1,6.506978500E1,2.550237333E1,6.015128243E0,1.317688823E-1,4.590000153E0,3.099999905E0,2.470000076E1
2.919107717E1,6.506978833E1,2.550235667E1,6.415128249E0,2.753763795E-1,4.590000153E0,2.900000095E0,2.389999962E1
3.019107717E1,6.506979333E1,2.550235667E1,6.815126488E0,2.712586224E-1,4.590000153E0,2.700000048E0,2.400000000E1
3.119107717E1,6.506979167E1,2.550235667E1,6.815127075E0,3.731736243E-1,9.076999664E1,2.599999905E0,2.410000038E1
3.219107717E1,6.506978333E1,2.550238167E1,5.715128241E0,6.222991943E-1,1.005800018E2,2.500000000E0,2.200000000E1
3.319107717E1,6.506977833E1,2.550239333E1,6.015129176E0,7.952458262E-1,8.655000305E1,2.400000095E0,1.989999962E1
3.419107717E1,6.506977833E1,2.550241000E1,6.215127997E0,7.118608356E-1,8.038999939E1,2.299999952E0,1.860000038E1
3.519107717E1,6.506978000E1,2.550242667E1,7.115126232E0,8.106874824E-1,6.730999756E1,2.200000048E0,1.720000076E1
3.619107717E1,6.506978333E1,2.550243500E1,7.715124469E0,7.911280394E-1,5.493999863E1,2.099999905E0,1.639999962E1
3.719107717E1,6.506978333E1,2.550247000E1,1.011512199E1,8.297322392E-1,5.159999847E1,1.799999952E0,1.339999962E1
3.819107717E1,6.506978500E1,2.550249500E1,1.051511964E1,9.913550019E-1,4.922999954E1,1.700000048E0,1.310000038E1
3.919107717E1,6.506979000E1,2.550251667E1,1.071511635E1,1.308938622E0,2.407999992E1,1.600000024E0,1.260000038E1
3.969107717E1,6.506979167E1,2.550253333E1,1.131511458E1,1.316144705E0,3.468999863E1,1.600000024E0,1.219999981E1
4.019107717E1,6.506979667E1,2.550254333E1,1.111511211E1,1.039224148E0,2.893000031E1,1.500000000E0,1.210000038E1
4.069107717E1,6.506980000E1,2.550255000E1,1.121511047E1,1.051577449E0,3.231000137E1,1.399999976E0,1.210000038E1
4.219107717E1,6.506981000E1,2.550257500E1,1.181510518E1,1.082460880E0,4.720000076E1,1.500000000E0,1.230000019E1
4.319107717E1,6.506981333E1,2.550259500E1,1.201510259E1,1.246142507E0,4.111000061E1,1.500000000E0,1.250000000E1
4.419107717E1,6.506982000E1,2.550261333E1,1.191509895E1,1.150918841E0,3.613999939E1,1.399999976E0,1.289999962E1
4.519107717E1,6.506982500E1,2.550263333E1,1.211509578E1,1.097902536E0,4.520000076E1,1.399999976E0,1.289999962E1
4.619107717E1,6.506983000E1,2.550264667E1,1.221509307E1,1.110770583E0,4.931000137E1,1.399999976E0,1.319999981E1
4.719107717E1,6.506983833E1,2.550266167E1,1.241508908E1,1.142168641E0,3.436999893E1,1.399999976E0,1.380000019E1
4.819107717E1,6.506984667E1,2.550267500E1,1.251508521E1,1.109226346E0,4.300000000E1,1.399999976E0,1.339999962E1
4.919107717E1,6.506985667E1,2.550268500E1,1.241508098E1,1.085034490E0,3.593999863E1,1.299999952E0,1.310000038E1
5.019107717E1,6.506986667E1,2.550269500E1,1.251507676E1,1.103564501E0,3.076000023E1,1.299999952E0,1.280000019E1
5.119107717E1,6.506987667E1,2.550271000E1,1.231507218E1,1.104593873E0,5.413000107E1,1.299999952E0,1.280000019E1
5.219107717E1,6.506988333E1,2.550272167E1,1.221506901E1,1.075254679E0,5.627999878E1,1.299999952E0,1.289999962E1
5.319107717E1,6.506989000E1,2.550273167E1,1.211506596E1,1.052606940E0,3.831999969E1,1.299999952E0,1.310000038E1
5.419107717E1,6.506990000E1,2.550274333E1,1.211506161E1,1.040253639E0,2.845000076E1,1.299999952E0,1.339999962E1
5.519107717E1,6.506990667E1,2.550275500E1,1.211505844E1,1.065474987E0,4.161000061E1,1.299999952E0,1.339999962E1
5.619107717E1,6.506991333E1,2.550277167E1,1.231505492E1,1.081431389E0,3.613999939E1,1.399999976E0,1.319999981E1
5.719107717E1,6.506992167E1,2.550278500E1,1.231505105E1,1.086063862E0,3.579999924E1,1.399999976E0,1.280000019E1
5.819107717E1,6.506993333E1,2.550280333E1,1.231504565E1,1.129815221E0,3.950999832E1,1.399999976E0,1.210000038E1
5.919107717E1,6.506994333E1,2.550282167E1,1.231504084E1,1.144742250E0,3.529000092E1,1.299999952E0,1.189999962E1
6.019107717E1,6.506995333E1,2.550283667E1,1.231503626E1,1.132903576E0,4.088999939E1,1.299999952E0,1.200000000E1
6.119107717E1,6.506996167E1,2.550285500E1,1.221503203E1,1.144227505E0,4.393000031E1,1.299999952E0,1.219999981E1
6.219107717E1,6.506996833E1,2.550287167E1,1.221502851E1,1.195699692E0,4.111000061E1,1.200000048E0,1.219999981E1
6.319107717E1,6.506997833E1,2.550288667E1,1.211502394E1,1.235333323E0,3.599000168E1,1.299999952E0,1.250000000E1
6.419107717E1,6.506998833E1,2.550290500E1,1.201501913E1,1.255922198E0,3.961000061E1,1.299999952E0,1.250000000E1
6.519107717E1,6.506999833E1,2.550291833E1,1.191501467E1,1.256951690E0,3.904000092E1,1.299999952E0,1.300000000E1
6.619107717E1,6.507000833E1,2.550293333E1,1.161501009E1,1.272908092E0,3.656999969E1,1.299999952E0,1.260000038E1
6.719107717E1,6.507001833E1,2.550294667E1,1.141500564E1,1.252319217E0,3.847000122E1,1.299999952E0,1.230000019E1
6.819107717E1,6.507002833E1,2.550296000E1,1.131500118E1,1.227097750E0,3.206999969E1,1.299999952E0,1.250000000E1
6.919107717E1,6.507003667E1,2.550297500E1,1.111499719E1,1.238421679E0,4.025000000E1,1.299999952E0,1.269999981E1
7.019107717E1,6.507004667E1,2.550298833E1,1.091499273E1,1.277540565E0,3.220000076E1,1.299999952E0,1.269999981E1
7.119107717E1,6.507005833E1,2.550300500E1,1.091498746E1,1.289379120E0,2.881999969E1,1.299999952E0,1.269999981E1
7.219107717E1,6.507006833E1,2.550301667E1,1.071498312E1,1.279084682E0,3.070999908E1,1.299999952E0,1.230000019E1
7.319107717E1,6.507007833E1,2.550302833E1,1.071497878E1,1.260554671E0,2.912000084E1,1.299999952E0,1.250000000E1
7.419107717E1,6.507008833E1,2.550304000E1,1.061497444E1,1.250260234E0,3.077000046E1,1.299999952E0,1.260000038E1
7.519107717E1,6.507009833E1,2.550305500E1,1.061496987E1,1.252319217E0,3.968999863E1,1.299999952E0,1.280000019E1
7.619107717E1,6.507010667E1,2.550307667E1,1.031496541E1,1.260554671E0,4.352999878E1,1.299999952E0,1.230000019E1
7.719107717E1,6.507011500E1,2.550309833E1,1.011496095E1,1.283717275E0,4.150000000E1,1.299999952E0,1.200000000E1
7.819107717E1,6.507012167E1,2.550312000E1,9.914957083E0,1.300188303E0,4.054999924E1,1.299999952E0,1.189999962E1
7.919107717E1,6.507013167E1,2.550314333E1,9.414951924E0,1.296070576E0,4.763999939E1,1.399999976E0,1.219999981E1
8.019107717E1,6.507014000E1,2.550316333E1,9.114947586E0,1.269819736E0,4.393000031E1,1.500000000E0,1.239999962E1
8.119107717E1,6.507014833E1,2.550318000E1,8.914943483E0,1.264672518E0,4.781000137E1,1.500000000E0,1.260000038E1
8.219107717E1,6.507015833E1,2.550319833E1,8.814938677E0,1.277540565E0,3.615999985E1,1.500000000E0,1.269999981E1
8.319107717E1,6.507016833E1,2.550321833E1,8.414933753E0,1.299158931E0,4.052000046E1,1.399999976E0,1.250000000E1
8.419107717E1,6.507017500E1,2.550323833E1,8.314930002E0,1.320777178E0,4.252000046E1,1.500000000E0,1.260000038E1
8.519107717E1,6.507018333E1,2.550325333E1,8.614926017E0,1.331586361E0,2.982999992E1,1.500000000E0,1.250000000E1
8.619107717E1,6.507019500E1,2.550326833E1,8.714920861E0,1.331586361E0,3.263999939E1,1.500000000E0,1.230000019E1
8.719107717E1,6.507020333E1,2.550328833E1,9.114916525E0,1.318718314E0,3.112999916E1,1.500000000E0,1.189999962E1
8.819107717E1,6.507021167E1,2.550331167E1,9.614911954E0,1.308423877E0,3.515000153E1,1.500000000E0,1.130000019E1
8.919107717E1,6.507022167E1,2.550333167E1,9.914907033E0,1.293496966E0,4.227000046E1,1.500000000E0,1.139999962E1
9.019107717E1,6.507022833E1,2.550335333E1,1.041490317E1,1.289379120E0,4.224000168E1,1.500000000E0,1.139999962E1
9.119107717E1,6.507023667E1,2.550337333E1,1.091489883E1,1.287320256E0,5.575000000E1,1.500000000E0,1.150000000E1
9.219107717E1,6.507024833E1,2.550339000E1,1.121489356E1,1.292982221E0,4.536000061E1,1.500000000E0,1.130000019E1
9.319107717E1,6.507025833E1,2.550341000E1,1.131488864E1,1.276511073E0,4.545999908E1,1.500000000E0,1.119999981E1
9.419107717E1,6.507027000E1,2.550342667E1,1.161488337E1,1.284746647E0,3.518999863E1,1.500000000E0,1.139999962E1
9.519107717E1,6.507028000E1,2.550344000E1,1.201487892E1,1.295041084E0,3.042000008E1,1.500000000E0,1.119999981E1
9.619107717E1,6.507029333E1,2.550345500E1,1.231487318E1,1.302761912E0,3.420000076E1,1.500000000E0,1.130000019E1
9.719107717E1,6.507030333E1,2.550347167E1,1.281486849E1,1.306365013E0,3.515999985E1,1.500000000E0,1.150000000E1
9.819107717E1,6.507031333E1,2.550349167E1,1.301486357E1,1.313571095E0,4.902999878E1,1.500000000E0,1.169999981E1
9.919107717E1,6.507032167E1,2.550351167E1,1.321485924E1,1.327983379E0,3.881000137E1,1.399999976E0,1.160000038E1
1.001910772E2,6.507033167E1,2.550353167E1,1.371485432E1,1.353719473E0,3.786999893E1,1.500000000E0,1.160000038E1
1.011910772E2,6.507033833E1,2.550355333E1,1.431485046E1,1.351145864E0,3.044000053E1,1.500000000E0,1.119999981E1
1.021910772E2,6.507034833E1,2.550356833E1,1.491484589E1,1.336733580E0,3.427000046E1,1.500000000E0,1.119999981E1
1.031910772E2,6.507035833E1,2.550358500E1,1.531484121E1,1.348057508E0,3.747999954E1,1.500000000E0,1.130000019E1
1.041910772E2,6.507036833E1,2.550360500E1,1.571483629E1,1.336218834E0,3.536999893E1,1.500000000E0,1.139999962E1
1.051910772E2,6.507037500E1,2.550362500E1,1.611483255E1,1.320777178E0,3.586000061E1,1.500000000E0,1.130000019E1
1.061910772E2,6.507038333E1,2.550364167E1,1.611482845E1,1.326953888E0,3.431999969E1,1.399999976E0,1.150000000E1
1.071910772E2,6.507039333E1,2.550365333E1,1.591482412E1,1.339821935E0,3.524000168E1,1.500000000E0,1.130000019E1
1.081910772E2,6.507040500E1,2.550366833E1,1.591481897E1,1.369161129E0,3.026000023E1,1.600000024E0,1.110000038E1
1.091910772E2,6.507041333E1,2.550368000E1,1.601481522E1,1.365558028E0,3.070999908E1,1.600000024E0,1.089999962E1
1.101910772E2,6.507042167E1,2.550369333E1,1.611481136E1,1.318203568E0,3.404999924E1,1.700000048E0,1.080000019E1
1.111910772E2,6.507042667E1,2.550371000E1,1.651480844E1,1.293496966E0,3.838000107E1,1.600000024E0,1.089999962E1
1.121910772E2,6.507043000E1,2.550373333E1,1.711480563E1,1.271878600E0,4.306999969E1,1.600000024E0,1.100000000E1
1.131910772E2,6.507043667E1,2.550375167E1,1.781480200E1,1.232759714E0,4.227000046E1,1.600000024E0,1.119999981E1
1.141910772E2,6.507044333E1,2.550376500E1,1.831479872E1,1.202391148E0,3.747000122E1,1.600000024E0,1.130000019E1
1.151910772E2,6.507045167E1,2.550378500E1,1.881479439E1,1.198788047E0,4.068000031E1,1.600000024E0,1.080000019E1
1.161910772E2,6.507046000E1,2.550380667E1,1.951478995E1,1.174596071E0,4.784000015E1,1.600000024E0,1.080000019E1
1.171910772E2,6.507046667E1,2.550382667E1,1.981478620E1,1.157610297E0,4.193000031E1,1.600000024E0,1.089999962E1
1.181910772E2,6.507047500E1,2.550384000E1,1.991478234E1,1.128785849E0,3.656999969E1,1.600000024E0,1.069999981E1
1.191910772E2,6.507048667E1,2.550385667E1,1.991477708E1,1.116432548E0,3.399000168E1,1.600000024E0,1.060000038E1
1.201910772E2,6.507049667E1,2.550386833E1,2.001477275E1,1.136506677E0,4.106000137E1,1.600000024E0,1.089999962E1
1.211910772E2,6.507050500E1,2.550388500E1,2.011476866E1,1.153492451E0,4.774000168E1,1.600000024E0,1.080000019E1
1.221910772E2,6.507052000E1,2.550390167E1,2.031476223E1,1.179228663E0,3.511000061E1,1.600000024E0,1.069999981E1
1.231910772E2,6.507053833E1,2.550391167E1,2.041475509E1,1.210626721E0,3.196999931E1,1.600000024E0,1.069999981E1
1.241910772E2,6.507054833E1,2.550392500E1,2.011475065E1,1.238421679E0,3.859000015E1,1.600000024E0,1.069999981E1
1.251910772E2,6.507056000E1,2.550393833E1,1.961474562E1,1.258495808E0,3.115999985E1,1.600000024E0,1.069999981E1
1.261910772E2,6.507056833E1,2.550395000E1,1.921474188E1,1.251804471E0,3.550999832E1,1.500000000E0,1.089999962E1
1.271910772E2,6.507057500E1,2.550396667E1,1.911473837E1,1.232759714E0,4.161000061E1,1.600000024E0,1.089999962E1
1.281910772E2,6.507058167E1,2.550398833E1,1.911473451E1,1.212685585E0,3.279000092E1,1.600000024E0,1.100000000E1
1.291910772E2,6.507058833E1,2.550401000E1,1.941473065E1,1.195184946E0,4.231999969E1,1.700000048E0,1.080000019E1
1.301910772E2,6.507059167E1,2.550403167E1,1.991472796E1,1.165331125E0,5.436999893E1,1.700000048E0,1.069999981E1
1.311910772E2,6.507059833E1,2.550405333E1,2.011472411E1,1.111799955E0,3.229999924E1,1.700000048E0,1.060000038E1
1.321910772E2,6.507060833E1,2.550407167E1,2.021471931E1,1.084519744E0,3.670000076E1,1.700000048E0,1.060000038E1
1.331910772E2,6.507062167E1,2.550409167E1,2.051471324E1,1.082975507E0,3.042000008E1,1.700000048E0,1.069999981E1
1.341910772E2,6.507063500E1,2.550410333E1,2.031470774E1,1.085549116E0,2.347999954E1,1.700000048E0,1.080000019E1
1.351910772E2,6.507064500E1,2.550411333E1,2.051470353E1,1.048489213E0,9.550000191E0,1.799999952E0,1.100000000E1
1.361910772E2,6.507065167E1,2.550411667E1,2.011470096E1,1.036650538E0,4.849999905E0,1.700000048E0,1.100000000E1
1.371910772E2,6.507066000E1,2.550411000E1,1.991469851E1,1.049003839E0,3.534800110E2,1.700000048E0,1.119999981E1
1.381910772E2,6.507067167E1,2.550410000E1,1.941469512E1,1.029444456E0,3.345700073E2,1.700000048E0,1.130000019E1
1.391910772E2,6.507068500E1,2.550409000E1,1.911469114E1,1.034591675E0,3.326499939E2,1.700000048E0,1.100000000E1
1.401910772E2,6.507069500E1,2.550407667E1,1.891468856E1,1.062901378E0,3.357699890E2,1.700000048E0,1.110000038E1
1.411910772E2,6.507071000E1,2.550407500E1,1.831468342E1,1.130329967E0,3.438200073E2,1.700000048E0,1.089999962E1
1.421910772E2,6.507072000E1,2.550406333E1,1.791468073E1,1.169448853E0,3.366199951E2,1.700000048E0,1.060000038E1
1.431910772E2,6.507073167E1,2.550404833E1,1.711467769E1,1.168419480E0,3.345100098E2,1.700000048E0,1.060000038E1
1.441910772E2,6.507074167E1,2.550404000E1,1.651467476E1,1.182831645E0,3.257799988E2,1.700000048E0,1.080000019E1
1.451910772E2,6.507075333E1,2.550402333E1,1.611467183E1,1.212685585E0,3.315299988E2,1.700000048E0,1.080000019E1
1.461910772E2,6.507076500E1,2.550401667E1,1.601466821E1,1.239451170E0,3.372300110E2,1.700000048E0,1.050000000E1
1.471910772E2,6.507077833E1,2.550400000E1,1.621466470E1,1.244598389E0,3.299599915E2,1.700000048E0,1.069999981E1
1.481910772E2,6.507078333E1,2.550398333E1,1.591466411E1,1.244598389E0,3.318800049E2,1.600000024E0,1.080000019E1
1.491910772E2,6.507078167E1,2.550396667E1,1.571466586E1,1.215773940E0,3.251099854E2,1.700000048E0,1.080000019E1
1.501910772E2,6.507078833E1,2.550395667E1,1.571466422E1,1.177169681E0,3.315000000E2,1.600000024E0,1.060000038E1
1.511910772E2,6.507079833E1,2.550394333E1,1.581466164E1,1.152463078E0,3.241600037E2,1.600000024E0,1.069999981E1
1.521910772E2,6.507080667E1,2.550392500E1,1.561466000E1,1.126212239E0,3.293999939E2,1.700000048E0,1.100000000E1
1.531910772E2,6.507081833E1,2.550390833E1,1.531465707E1,1.155036688E0,3.250100098E2,1.700000048E0,1.069999981E1
1.541910772E2,6.507082833E1,2.550388667E1,1.511465508E1,1.148859978E0,3.283699951E2,1.700000048E0,1.100000000E1
1.551910772E2,6.507083500E1,2.550387500E1,1.511465355E1,1.147830606E0,3.224500122E2,1.700000048E0,1.110000038E1
1.561910772E2,6.507084000E1,2.550385333E1,1.541465331E1,1.122094393E0,3.294400024E2,1.600000024E0,1.080000019E1
1.571910772E2,6.507084667E1,2.550383667E1,1.561465214E1,1.100990891E0,3.278599854E2,1.700000048E0,1.100000000E1
1.581910772E2,6.507085333E1,2.550381667E1,1.561465120E1,1.127241611E0,3.193399963E2,1.700000048E0,1.100000000E1
1.591910772E2,6.507086333E1,2.550380333E1,1.591464862E1,1.149374723E0,3.248999939E2,1.700000048E0,1.110000038E1
1.601910772E2,6.507087167E1,2.550379333E1,1.641464639E1,1.158639669E0,3.170299988E2,1.700000048E0,1.139999962E1
1.611910772E2,6.507088333E1,2.550378167E1,1.701464311E1,1.154521942E0,3.341400146E2,1.700000048E0,1.139999962E1
1.621910772E2,6.507089500E1,2.550376833E1,1.741463995E1,1.169963598E0,3.216199951E2,1.799999952E0,1.089999962E1
1.631910772E2,6.507090833E1,2.550375833E1,1.771463597E1,1.103049755E0,3.236900024E2,1.799999952E0,1.100000000E1
1.641910772E2,6.507091833E1,2.550373833E1,1.811463385E1,1.076284170E0,3.218800049E2,1.799999952E0,1.119999981E1
1.651910772E2,6.507092667E1,2.550372000E1,1.851463221E1,1.051577449E0,3.288500061E2,1.799999952E0,1.139999962E1
1.661910772E2,6.507094000E1,2.550370000E1,1.911462892E1,1.046430230E0,3.260799866E2,1.700000048E0,1.110000038E1
1.671910772E2,6.507095333E1,2.550368167E1,1.951462552E1,1.046430230E0,3.274200134E2,1.700000048E0,1.100000000E1
1.681910772E2,6.507096333E1,2.550366333E1,1.981462329E1,1.031503320E0,3.122000122E2,1.700000048E0,1.130000019E1
1.691910772E2,6.507097167E1,2.550364333E1,1.981462176E1,1.046430230E0,3.219100037E2,1.600000024E0,1.139999962E1
1.701910772E2,6.507098500E1,2.550362000E1,1.971461871E1,1.112829447E0,3.293599854E2,1.600000024E0,1.139999962E1
1.711910772E2,6.507100000E1,2.550359667E1,1.991461507E1,1.152977824E0,3.251199951E2,1.600000024E0,1.139999962E1
1.721910772E2,6.507101000E1,2.550358000E1,2.001461272E1,1.164301634E0,3.301600037E2,1.500000000E0,1.150000000E1
1.731910772E2,6.507102167E1,2.550356000E1,1.991461002E1,1.221435785E0,3.234899902E2,1.500000000E0,1.139999962E1
1.741910772E2,6.507103167E1,2.550354000E1,1.961460790E1,1.242539406E0,3.260000000E2,1.500000000E0,1.150000000E1
1.751910772E2,6.507104333E1,2.550353000E1,1.971460450E1,1.260040045E0,3.398800049E2,1.500000000E0,1.139999962E1
1.761910772E2,6.507105667E1,2.550352333E1,1.971460028E1,1.266731381E0,3.345299988E2,1.600000024E0,1.100000000E1
1.771910772E2,6.507106167E1,2.550350667E1,1.941459969E1,1.273422837E0,3.297200012E2,1.600000024E0,1.139999962E1
1.781910772E2,6.507107000E1,2.550349500E1,1.891459757E1,1.285261393E0,3.441300049E2,1.600000024E0,1.130000019E1
1.791910772E2,6.507108167E1,2.550350167E1,1.811459301E1,1.288864493E0,1.615999985E1,1.600000024E0,1.089999962E1
1.801910772E2,6.507109000E1,2.550351167E1,1.741458939E1,1.257981062E0,3.224000168E1,1.600000024E0,1.060000038E1
1.811910772E2,6.507109833E1,2.550352333E1,1.691458565E1,1.232244968E0,5.354000092E1,1.600000024E0,1.039999962E1
1.821910772E2,6.507110000E1,2.550353833E1,1.631458402E1,1.200846910E0,8.569999695E1,1.600000024E0,1.019999981E1
1.831910772E2,6.507109833E1,2.550355000E1,1.571458379E1,1.148345232E0,8.150000000E1,1.600000024E0,1.039999962E1
1.841910772E2,6.507110000E1,2.550356333E1,1.551458228E1,1.080916643E0,7.184999847E1,1.600000024E0,1.050000000E1
1.851910772E2,6.507109500E1,2.550357833E1,1.481458299E1,1.086063862E0,9.920999908E1,1.500000000E0,1.050000000E1
1.861910772E2,6.507109333E1,2.550360833E1,1.481458148E1,1.103564501E0,9.573999786E1,1.600000024E0,1.050000000E1
1.871910772E2,6.507109167E1,2.550363333E1,1.491458032E1,1.128271103E0,1.055000000E2,1.600000024E0,1.050000000E1
1.881910772E2,6.507109000E1,2.550366000E1,1.521457905E1,1.146801114E0,1.044000015E2,1.600000024E0,1.050000000E1
1.891910772E2,6.507109333E1,2.550368167E1,1.621457637E1,1.167904735E0,1.067600021E2,1.600000024E0,1.060000038E1
1.901910772E2,6.507109167E1,2.550371167E1,1.661457486E1,1.163786888E0,1.024199982E2,1.600000024E0,1.080000019E1
1.911910772E2,6.507109000E1,2.550373333E1,1.671457394E1,1.173051953E0,9.830999756E1,1.600000024E0,1.100000000E1
1.921910772E2,6.507108833E1,2.550376167E1,1.681457255E1,1.192611337E0,1.123300018E2,1.600000024E0,1.089999962E1
1.931910772E2,6.507108500E1,2.550378667E1,1.691457198E1,1.228127241E0,1.120699997E2,1.600000024E0,1.050000000E1
1.941910772E2,6.507108000E1,2.550381000E1,1.691457211E1,1.294011712E0,1.104800034E2,1.600000024E0,1.039999962E1
1.951910772E2,6.507107667E1,2.550383833E1,1.681457130E1,1.300188303E0,9.588999939E1,1.600000024E0,1.060000038E1
1.961910772E2,6.507107833E1,2.550386833E1,1.671456862E1,1.282173038E0,9.847000122E1,1.700000048E0,1.069999981E1
1.971910772E2,6.507107667E1,2.550389000E1,1.661456770E1,1.270849109E0,8.136000061E1,1.600000024E0,1.069999981E1
1.981910772E2,6.507107833E1,2.550391000E1,1.661456572E1,1.240480542E0,9.066000366E1,1.600000024E0,1.089999962E1
1.991910772E2,6.507107667E1,2.550393333E1,1.651456468E1,1.197243929E0,1.055699997E2,1.600000024E0,1.100000000E1
2.001910772E2,6.507107333E1,2.550396833E1,1.661456341E1,1.200846910E0,1.139300003E2,1.600000024E0,1.060000038E1
2.011910772E2,6.507106833E1,2.550399833E1,1.651456307E1,1.197243929E0,1.124199982E2,1.700000048E0,1.069999981E1
2.021910772E2,6.507106667E1,2.550402333E1,1.641456191E1,1.209597230E0,1.120500031E2,1.600000024E0,1.060000038E1
2.031910772E2,6.507106333E1,2.550405000E1,1.681456122E1,1.198273301E0,9.947000122E1,1.700000048E0,1.080000019E1
2.041910772E2,6.507106333E1,2.550407667E1,1.701455936E1,1.200332165E0,1.055699997E2,1.700000048E0,1.100000000E1
2.051910772E2,6.507106000E1,2.550410000E1,1.671455891E1,1.184890509E0,1.118300018E2,1.700000048E0,1.100000000E1
2.061910772E2,6.507105667E1,2.550412167E1,1.631455856E1,1.189008355E0,9.987000275E1,1.700000048E0,1.100000000E1
2.071910772E2,6.507105167E1,2.550414333E1,1.571455881E1,1.194155574E0,1.065599976E2,1.600000024E0,1.110000038E1
2.081910772E2,6.507104667E1,2.550416667E1,1.531455893E1,1.197758555E0,1.062099991E2,1.600000024E0,1.119999981E1
2.091910772E2,6.507104000E1,2.550419000E1,1.461455964E1,1.220406413E0,1.110800018E2,1.600000024E0,1.139999962E1
2.101910772E2,6.507103667E1,2.550421000E1,1.401455942E1,1.199817538E0,1.016600037E2,1.600000024E0,1.150000000E1
2.111910772E2,6.507103833E1,2.550424333E1,1.321455651E1,1.195184946E0,9.751999664E1,1.600000024E0,1.119999981E1
2.121910772E2,6.507103500E1,2.550426833E1,1.271455594E1,1.173051953E0,1.085299988E2,1.600000024E0,1.100000000E1
2.131910772E2,6.507103000E1,2.550429667E1,1.251455571E1,1.194155574E0,1.088700027E2,1.600000024E0,1.110000038E1
2.141910772E2,6.507102667E1,2.550432667E1,1.221455479E1,1.198273301E0,1.160999985E2,1.600000024E0,1.089999962E1
2.151910772E2,6.507102500E1,2.550435167E1,1.191455363E1,1.183346391E0,1.039599991E2,1.600000024E0,1.069999981E1
2.161910772E2,6.507102167E1,2.550437667E1,1.201455305E1,1.180258036E0,1.007900009E2,1.600000024E0,1.039999962E1
2.171910772E2,6.507102000E1,2.550440833E1,1.221455143E1,1.182316899E0,1.035000000E2,1.600000024E0,1.050000000E1
2.181910772E2,6.507101833E1,2.550444333E1,1.211454957E1,1.200332165E0,1.071200027E2,1.600000024E0,1.060000038E1
2.191910772E2,6.507101667E1,2.550447000E1,1.171454830E1,1.199302793E0,1.149000015E2,1.600000024E0,1.050000000E1
2.201910772E2,6.507101000E1,2.550448833E1,1.151454935E1,1.193640828E0,1.171100006E2,1.600000024E0,1.060000038E1
2.211910772E2,6.507100833E1,2.550450833E1,1.161454854E1,1.176140308E0,1.052900009E2,1.600000024E0,1.060000038E1
2.221910772E2,6.507100500E1,2.550454000E1,1.211454750E1,1.175625563E0,1.056500015E2,1.600000024E0,1.050000000E1
2.231910772E2,6.507100500E1,2.550456667E1,1.271454564E1,1.159669161E0,1.075299988E2,1.600000024E0,1.060000038E1
2.241910772E2,6.507100667E1,2.550460167E1,1.281454262E1,1.152463078E0,9.718000031E1,1.600000024E0,1.069999981E1
2.251910772E2,6.507100500E1,2.550462500E1,1.271454157E1,1.173566699E0,1.013000031E2,1.600000024E0,1.069999981E1
2.261910772E2,6.507100333E1,2.550465167E1,1.271454029E1,1.184375882E0,1.050699997E2,1.700000048E0,1.069999981E1
2.271910772E2,6.507100333E1,2.550468000E1,1.281453832E1,1.174596071E0,9.601999664E1,1.700000048E0,1.060000038E1
2.281910772E2,6.507100167E1,2.550470333E1,1.261453727E1,1.150918841E0,9.512000275E1,1.700000048E0,1.060000038E1
2.291910772E2,6.507100167E1,2.550472333E1,1.251453588E1,1.147830606E0,9.901000214E1,1.600000024E0,1.080000019E1
2.301910772E2,6.507100167E1,2.550474667E1,1.281453425E1,1.179228663E0,9.908999634E1,1.600000024E0,1.089999962E1
2.311910772E2,6.507100167E1,2.550477667E1,1.331453216E1,1.222980022E0,1.015500031E2,1.600000024E0,1.089999962E1
2.321910772E2,6.507100000E1,2.550480667E1,1.431453065E1,1.234818578E0,1.020400009E2,1.600000024E0,1.089999962E1
2.331910772E2,6.507100000E1,2.550482833E1,1.521452914E1,1.231215596E0,8.748000336E1,1.600000024E0,1.119999981E1
2.341910772E2,6.507100167E1,2.550485000E1,1.561452704E1,1.214744449E0,8.801000214E1,1.600000024E0,1.130000019E1
2.351910772E2,6.507099833E1,2.550487667E1,1.601452635E1,1.194155574E0,1.101800003E2,1.700000048E0,1.119999981E1
2.361910772E2,6.507099333E1,2.550489667E1,1.641452670E1,1.177684426E0,1.028399963E2,1.600000024E0,1.130000019E1
2.371910772E2,6.507099500E1,2.550491833E1,1.711452461E1,1.144227505E0,9.637000275E1,1.600000024E0,1.180000019E1
2.381910772E2,6.507099500E1,2.550494000E1,1.731452310E1,1.145771623E0,8.623000336E1,1.600000024E0,1.189999962E1
2.391910772E2,6.507099333E1,2.550496667E1,1.771452182E1,1.168934226E0,1.044700012E2,1.600000024E0,1.189999962E1
2.401910772E2,6.507099000E1,2.550499667E1,1.851452089E1,1.180258036E0,1.240599976E2,1.600000024E0,1.160000038E1
2.411910772E2,6.507098167E1,2.550501833E1,1.841452230E1,1.157095551E0,1.152399979E2,1.700000048E0,1.169999981E1
2.421910772E2,6.507097333E1,2.550504167E1,1.811452359E1,1.161213279E0,1.302799988E2,1.700000048E0,1.169999981E1
2.431910772E2,6.507096833E1,2.550506833E1,1.791452348E1,1.149889469E0,1.228499985E2,1.700000048E0,1.169999981E1
2.441910772E2,6.507096333E1,2.550509167E1,1.781452360E1,1.162757516E0,1.228199997E2,1.700000048E0,1.189999962E1
2.451910772E2,6.507095833E1,2.550511833E1,1.791452349E1,1.177684426E0,1.273799973E2,1.700000048E0,1.169999981E1
2.461910772E2,6.507095000E1,2.550513667E1,1.751452512E1,1.199817538E0,1.199400024E2,1.700000048E0,1.160000038E1
2.471910772E2,6.507094667E1,2.550515500E1,1.751452501E1,1.214229703E0,1.165800018E2,1.700000048E0,1.180000019E1
2.481910772E2,6.507094667E1,2.550518333E1,1.731452303E1,1.240995288E0,9.645999908E1,1.700000048E0,1.169999981E1
2.491910772E2,6.507094833E1,2.550521167E1,1.721452047E1,1.234303832E0,1.167099991E2,1.700000048E0,1.130000019E1
2.501910772E2,6.507094667E1,2.550524833E1,1.631451849E1,1.209597230E0,9.965000153E1,1.700000048E0,1.119999981E1
2.511910772E2,6.507094833E1,2.550528000E1,1.671451570E1,1.213714957E0,1.099800034E2,1.600000024E0,1.110000038E1
2.521910772E2,6.507094833E1,2.550531000E1,1.691451360E1,1.201876402E0,9.797000122E1,1.600000024E0,1.060000038E1
2.531910772E2,6.507094833E1,2.550533167E1,1.691451209E1,1.215773940E0,9.150000000E1,1.600000024E0,1.050000000E1
2.541910772E2,6.507094500E1,2.550535167E1,1.671451186E1,1.203935266E0,1.101299973E2,1.600000024E0,1.060000038E1
2.551910772E2,6.507094000E1,2.550537500E1,1.691451198E1,1.197758555E0,1.052099991E2,1.600000024E0,1.050000000E1
2.561910772E2,6.507093500E1,2.550540167E1,1.731451187E1,1.179743290E0,1.041399994E2,1.600000024E0,1.060000038E1
2.571910772E2,6.507093167E1,2.550542667E1,1.781451129E1,1.192611337E0,1.048399963E2,1.600000024E0,1.069999981E1
2.581910772E2,6.507092500E1,2.550544333E1,1.761451246E1,1.153492451E0,1.003499985E2,1.600000024E0,1.119999981E1
2.591910772E2,6.507092000E1,2.550546333E1,1.761451281E1,1.141653895E0,1.086100006E2,1.600000024E0,1.130000019E1
2.601910772E2,6.507091500E1,2.550549333E1,1.751451246E1,1.125182748E0,8.762999725E1,1.600000024E0,1.150000000E1
2.611910772E2,6.507091500E1,2.550551667E1,1.741451083E1,1.119520783E0,5.934000015E1,1.600000024E0,1.130000019E1
2.621910772E2,6.507091667E1,2.550554833E1,1.681450804E1,1.109741092E0,6.651999664E1,1.600000024E0,1.139999962E1
2.631910772E2,6.507092000E1,2.550557833E1,1.621450478E1,1.088122725E0,6.463999939E1,1.600000024E0,1.250000000E1
2.641910772E2,6.507092000E1,2.550560333E1,1.571450303E1,1.065989733E0,8.119999695E1,1.600000024E0,1.269999981E1
2.651910772E2,6.507092500E1,2.550562500E1,1.521449977E1,1.072166443E0,6.470999908E1,1.600000024E0,1.210000038E1
2.661910772E2,6.507093167E1,2.550565667E1,1.441449523E1,1.085034490E0,6.505000305E1,1.600000024E0,1.189999962E1
2.671910772E2,6.507093500E1,2.550567667E1,1.361449267E1,1.067533851E0,6.202000046E1,1.500000000E0,1.189999962E1
2.681910772E2,6.507093667E1,2.550569667E1,1.351449069E1,1.079372525E0,6.058000183E1,1.600000024E0,1.200000000E1
2.691910772E2,6.507094167E1,2.550572000E1,1.331448731E1,1.040253639E0,6.823000336E1,1.600000024E0,1.160000038E1
2.701910772E2,6.507094667E1,2.550574333E1,1.321448394E1,1.046944976E0,6.829000092E1,1.600000024E0,1.169999981E1
2.711910772E2,6.507095167E1,2.550577000E1,1.321448033E1,1.058268905E0,6.168999863E1,1.600000024E0,1.169999981E1
2.721910772E2,6.507095667E1,2.550579833E1,1.391447660E1,1.069592834E0,5.774000168E1,1.600000024E0,1.139999962E1
2.731910772E2,6.507096000E1,2.550582500E1,1.411447358E1,1.078343034E0,6.029000092E1,1.600000024E0,1.139999962E1
2.741910772E2,6.507096333E1,2.550584000E1,1.481447137E1,1.079887271E0,5.340000153E1,1.600000024E0,1.139999962E1
2.751910772E2,6.507097000E1,2.550586167E1,1.501446752E1,1.059813023E0,5.159999847E1,1.600000024E0,1.160000038E1
2.761910772E2,6.507097333E1,2.550588167E1,1.511446496E1,1.029959202E0,5.863999939E1,1.600000024E0,1.189999962E1
2.771910772E2,6.507097667E1,2.550590333E1,1.501446229E1,1.036135793E0,7.022000122E1,1.600000024E0,1.189999962E1
2.781910772E2,6.507098167E1,2.550592167E1,1.491445926E1,1.042827249E0,7.370999908E1,1.600000024E0,1.230000019E1
2.791910772E2,6.507098333E1,2.550594500E1,1.521445705E1,1.088122725E0,8.962000275E1,1.600000024E0,1.150000000E1
2.801910772E2,6.507098000E1,2.550596833E1,1.521445659E1,1.099446654E0,7.408999634E1,1.600000024E0,1.139999962E1
2.811910772E2,6.507098333E1,2.550599500E1,1.521445356E1,1.096358299E0,7.441999817E1,1.600000024E0,1.200000000E1
2.821910772E2,6.507098833E1,2.550603500E1,1.481444902E1,1.083490252E0,7.373999786E1,1.600000024E0,1.160000038E1
2.831910772E2,6.507098833E1,2.550606000E1,1.401444728E1,1.059813023E0,8.598000336E1,1.600000024E0,1.139999962E1
2.841910772E2,6.507099000E1,2.550607500E1,1.351444565E1,1.054151058E0,9.456999969E1,1.600000024E0,1.139999962E1
2.851910772E2,6.507099500E1,2.550610167E1,1.311444204E1,1.056210041E0,6.240000153E1,1.600000024E0,1.139999962E1
2.861910772E2,6.507100167E1,2.550613167E1,1.281443762E1,1.092240572E0,5.993000031E1,1.600000024E0,1.150000000E1
2.871910772E2,6.507100500E1,2.550616500E1,1.251443413E1,1.108711720E0,7.922000122E1,1.600000024E0,1.139999962E1
2.881910772E2,6.507100000E1,2.550618333E1,1.251443460E1,1.124668002E0,7.987000275E1,1.600000024E0,1.130000019E1
2.891910772E2,6.507099667E1,2.550621500E1,1.241443356E1,1.106652737E0,1.018000031E2,1.600000024E0,1.130000019E1
2.901910772E2,6.507099167E1,2.550624000E1,1.271443356E1,1.105623364E0,1.130999985E2,1.600000024E0,1.100000000E1
2.911910772E2,6.507099167E1,2.550627333E1,1.261443123E1,1.091211081E0,1.111699982E2,1.600000024E0,1.089999962E1
2.921910772E2,6.507098667E1,2.550630167E1,1.241443100E1,1.109741092E0,1.286699982E2,1.600000024E0,1.110000038E1
2.931910772E2,6.507098000E1,2.550632333E1,1.261443181E1,1.154007196E0,1.421300049E2,1.700000048E0,1.119999981E1
2.941910772E2,6.507097667E1,2.550633833E1,1.261443193E1,1.168934226E0,1.363500061E2,1.700000048E0,1.130000019E1
2.951910772E2,6.507097333E1,2.550635667E1,1.281443181E1,1.189008355E0,1.531900024E2,1.700000048E0,1.150000000E1
2.961910772E2,6.507096667E1,2.550637500E1,1.281443286E1,1.184375882E0,1.459900055E2,1.700000048E0,1.130000019E1
2.971910772E2,6.507096000E1,2.550639167E1,1.301443402E1,1.198273301E0,1.456199951E2,1.700000048E0,1.119999981E1
2.981910772E2,6.507095333E1,2.550640500E1,1.281443542E1,1.198788047E0,1.481799927E2,1.700000048E0,1.110000038E1
2.991910772E2,6.507094667E1,2.550641833E1,1.281443681E1,1.192611337E0,1.331399994E2,1.700000048E0,1.169999981E1
3.001910772E2,6.507094000E1,2.550643500E1,1.261443798E1,1.180772781E0,1.282299957E2,1.700000048E0,1.189999962E1
3.011910772E2,6.507093000E1,2.550645333E1,1.251444019E1,1.217318058E0,1.374199982E2,1.700000048E0,1.189999962E1
3.021910772E2,6.507092000E1,2.550647500E1,1.201444216E1,1.214744449E0,1.431699982E2,1.700000048E0,1.180000019E1
3.031910772E2,6.507091167E1,2.550649000E1,1.161444402E1,1.175625563E0,1.455800018E2,1.700000048E0,1.239999962E1
3.041910772E2,6.507090167E1,2.550650167E1,1.151444670E1,1.150918841E0,1.403800049E2,1.700000048E0,1.269999981E1
3.051910772E2,6.507089500E1,2.550651833E1,1.131444786E1,1.097902536E0,1.366699982E2,1.700000048E0,1.280000019E1
3.061910772E2,6.507088500E1,2.550654333E1,1.121444960E1,1.066504478E0,1.323099976E2,1.700000048E0,1.289999962E1
3.071910772E2,6.507087667E1,2.550656667E1,1.071445088E1,1.025841355E0,1.253700027E2,1.700000048E0,1.289999962E1
3.081910772E2,6.507087167E1,2.550659333E1,1.031445076E1,1.043341994E0,1.366600037E2,1.700000048E0,1.230000019E1
3.091910772E2,6.507086000E1,2.550662333E1,1.081445273E1,1.073195815E0,1.275400009E2,1.700000048E0,1.210000038E1
3.101910772E2,6.507085000E1,2.550664667E1,1.101445459E1,1.080401897E0,1.358999939E2,1.700000048E0,1.169999981E1
3.111910772E2,6.507084500E1,2.550666833E1,1.121445482E1,1.027900219E0,1.291499939E2,1.700000048E0,1.189999962E1
3.121910772E2,6.507083667E1,2.550669667E1,1.151445574E1,1.021723628E0,1.428899994E2,1.700000048E0,1.180000019E1
3.131910772E2,6.507082833E1,2.550671833E1,1.191445713E1,1.047974467E0,1.318300018E2,1.700000048E0,1.189999962E1
3.141910772E2,6.507082000E1,2.550673833E1,1.221445864E1,1.065989733E0,1.319799957E2,1.700000048E0,1.210000038E1
3.151910772E2,6.507080833E1,2.550676167E1,1.261446108E1,1.121579766E0,1.399700012E2,1.700000048E0,1.189999962E1
3.161910772E2,6.507079833E1,2.550678000E1,1.261446328E1,1.147830606E0,1.328399963E2,1.700000048E0,1.200000000E1
3.171910772E2,6.507078500E1,2.550680167E1,1.261446641E1,1.191581964E0,1.416399994E2,1.700000048E0,1.200000000E1
3.181910772E2,6.507077167E1,2.550682167E1,1.281446966E1,1.173566699E0,1.325899963E2,1.700000048E0,1.210000038E1
3.191910772E2,6.507076167E1,2.550684000E1,1.291447187E1,1.165845871E0,1.312299957E2,1.700000048E0,1.210000038E1
3.201910772E2,6.507075167E1,2.550685833E1,1.291447407E1,1.162757516E0,1.376600037E2,1.600000024E0,1.169999981E1
3.211910772E2,6.507074333E1,2.550687833E1,1.311447557E1,1.164301634E0,1.260199966E2,1.600000024E0,1.180000019E1
3.221910772E2,6.507074000E1,2.550690000E1,1.351447522E1,1.141653895E0,1.127799988E2,1.500000000E0,1.189999962E1
3.231910772E2,6.507073500E1,2.550692167E1,1.401447545E1,1.115917802E0,1.246200027E2,1.600000024E0,1.169999981E1
3.241910772E2,6.507072833E1,2.550694167E1,1.431447637E1,1.104593873E0,1.230500031E2,1.700000048E0,1.189999962E1
3.251910772E2,6.507072167E1,2.550697000E1,1.461447671E1,1.057754159E0,1.138499985E2,1.700000048E0,1.180000019E1
3.261910772E2,6.507072000E1,2.550698667E1,1.501447612E1,1.032532811E0,1.226600037E2,1.700000048E0,1.200000000E1
3.271910772E2,6.507071500E1,2.550700667E1,1.561447647E1,1.001134753E0,1.235699997E2,1.700000048E0,1.200000000E1
3.281910772E2,6.507071333E1,2.550703667E1,1.631447495E1,9.784869552E-1,1.127600021E2,1.700000048E0,1.219999981E1
3.291910772E2,6.507070500E1,2.550706833E1,1.691447564E1,9.748839140E-1,1.198300018E2,1.700000048E0,1.210000038E1
3.301910772E2,6.507069500E1,2.550709500E1,1.731447725E1,9.831194282E-1,1.212099991E2,1.700000048E0,1.200000000E1
3.311910772E2,6.507069000E1,2.550711833E1,1.751447736E1,9.908402562E-1,1.229199982E2,1.700000048E0,1.210000038E1
3.321910772E2,6.507068500E1,2.550714833E1,1.761447700E1,1.013488054E0,1.313800049E2,1.700000048E0,1.239999962E1
3.331910772E2,6.507067667E1,2.550716000E1,1.751447909E1,1.035106421E0,1.602100067E2,1.700000048E0,1.300000000E1
3.341910772E2,6.507066667E1,2.550717500E1,1.741448152E1,1.046430230E0,1.425599976E2,1.700000048E0,1.310000038E1
3.351910772E2,6.507065667E1,2.550719833E1,1.731448337E1,1.076798916E0,1.302100067E2,1.700000048E0,1.319999981E1
3.361910772E2,6.507064833E1,2.550722333E1,1.731448452E1,1.082460880E0,1.353000031E2,1.700000048E0,1.319999981E1
3.371910772E2,6.507063833E1,2.550725167E1,1.711448602E1,1.081431389E0,1.316699982E2,1.700000048E0,1.339999962E1
3.381910772E2,6.507062833E1,2.550727167E1,1.721448810E1,1.084004998E0,1.286999969E2,1.700000048E0,1.230000019E1
3.391910772E2,6.507062667E1,2.550729333E1,1.771448716E1,1.038194776E0,1.302500000E2,1.700000048E0,1.230000019E1
3.401910772E2,6.507062000E1,2.550730833E1,1.771448843E1,9.990758300E-1,1.304600067E2,1.700000048E0,1.219999981E1
3.411910772E2,6.507061333E1,2.550732500E1,1.811448959E1,9.795163870E-1,1.417100067E2,1.700000048E0,1.230000019E1
3.421910772E2,6.507060833E1,2.550734500E1,1.821448993E1,9.542949796E-1,1.430899963E2,1.700000048E0,1.230000019E1
3.431910772E2,6.507060167E1,2.550735667E1,1.851449143E1,9.146614075E-1,1.187399979E2,1.700000048E0,1.250000000E1
3.441910772E2,6.507060000E1,2.550736833E1,1.851449119E1,9.089994431E-1,1.417700043E2,1.700000048E0,1.269999981E1
3.451910772E2,6.507059500E1,2.550738167E1,1.881449200E1,8.914988637E-1,1.310599976E2,1.600000024E0,1.260000038E1
3.461910772E2,6.507058833E1,2.550740000E1,1.891449303E1,9.002491832E-1,1.268300018E2,1.600000024E0,1.219999981E1
3.471910772E2,6.507058167E1,2.550742167E1,1.911449384E1,9.017933607E-1,1.334600067E2,1.600000024E0,1.230000019E1
3.481910772E2,6.507057833E1,2.550743833E1,1.951449383E1,8.806897402E-1,1.172799988E2,1.700000048E0,1.250000000E1
3.491910772E2,6.507057500E1,2.550745833E1,1.991449359E1,9.079700112E-1,1.102200012E2,1.700000048E0,1.230000019E1
3.501910772E2,6.507057333E1,2.550747833E1,2.001449276E1,9.100288749E-1,1.020699997E2,1.700000048E0,1.239999962E1
3.511910772E2,6.507056667E1,2.550750500E1,2.011449322E1,9.429711103E-1,1.006200027E2,1.700000048E0,1.239999962E1
3.521910772E2,6.507056167E1,2.550753333E1,2.051449297E1,9.301030636E-1,9.587999725E1,1.700000048E0,1.239999962E1
3.531910772E2,6.507055667E1,2.550756500E1,2.051449249E1,9.970169663E-1,1.238899994E2,1.700000048E0,1.250000000E1
3.541910772E2,6.507055333E1,2.550760167E1,2.061449108E1,1.032018065E0,1.140199966E2,1.700000048E0,1.239999962E1
3.551910772E2,6.507054667E1,2.550764167E1,1.991449059E1,1.077313662E0,1.162799988E2,1.700000048E0,1.239999962E1
3.561910772E2,6.507053667E1,2.550767667E1,1.981449162E1,1.112314701E0,1.264199982E2,1.799999952E0,1.250000000E1
3.571910772E2,6.507053000E1,2.550771167E1,1.971449148E1,1.151948333E0,1.162099991E2,1.799999952E0,1.260000038E1
3.581910772E2,6.507052500E1,2.550775000E1,1.931449053E1,1.241510034E0,1.050500031E2,1.799999952E0,1.280000019E1
3.591910772E2,6.507052000E1,2.550778667E1,1.991448970E1,1.347542763E0,1.129499969E2,1.799999952E0,1.289999962E1
3.601910772E2,6.507050833E1,2.550782333E1,1.991449119E1,1.499385834E0,1.230000000E2,1.799999952E0,1.289999962E1
3.611910772E2,6.507049500E1,2.550786500E1,2.001449290E1,1.560637832E0,1.153300018E2,1.899999976E0,1.310000038E1
3.621910772E2,6.507048333E1,2.550790500E1,1.981449415E1,1.661523342E0,1.231299973E2,1.899999976E0,1.350000000E1
3.631910772E2,6.507047333E1,2.550795500E1,2.001449412E1,1.701156974E0,1.221999969E2,1.799999952E0,1.350000000E1
3.641910772E2,6.507045500E1,2.550800167E1,1.951449722E1,1.780938864E0,1.235699997E2,1.799999952E0,1.310000038E1
3.651910772E2,6.507043833E1,2.550805000E1,1.871449962E1,1.850426435E0,1.228099976E2,1.799999952E0,1.250000000E1
3.661910772E2,6.507042333E1,2.550809833E1,1.821450144E1,1.937414408E0,1.233700027E2,1.799999952E0,1.219999981E1
3.671910772E2,6.507040500E1,2.550815833E1,1.731450359E1,2.086683989E0,1.279199982E2,1.799999952E0,1.219999981E1
3.681910772E2,6.507039500E1,2.550821167E1,1.681450332E1,2.125288010E0,1.096500015E2,1.799999952E0,1.239999962E1
3.691910772E2,6.507038833E1,2.550826333E1,1.621450201E1,2.155656576E0,1.178300018E2,1.799999952E0,1.250000000E1
3.701910772E2,6.507038000E1,2.550831333E1,1.531450139E1,2.147421122E0,1.066299973E2,1.799999952E0,1.239999962E1
3.711910772E2,6.507037500E1,2.550836333E1,1.531449962E1,2.191687107E0,1.087900009E2,1.700000048E0,1.219999981E1
3.721910772E2,6.507036500E1,2.550840833E1,1.501449993E1,2.200437546E0,1.110199966E2,1.799999952E0,1.210000038E1
3.731910772E2,6.507035500E1,2.550845833E1,1.431449989E1,2.194775581E0,1.112399979E2,1.899999976E0,1.189999962E1
3.741910772E2,6.507035000E1,2.550850000E1,1.421449870E1,2.151024103E0,1.160100021E2,1.899999976E0,1.239999962E1
3.751910772E2,6.507033667E1,2.550854667E1,1.331450005E1,2.138670921E0,1.233899994E2,1.799999952E0,1.210000038E1
3.761910772E2,6.507032667E1,2.550859000E1,1.331450047E1,2.097493172E0,1.244400024E2,1.799999952E0,1.169999981E1
3.771910772E2,6.507031500E1,2.550862833E1,1.281450183E1,1.990945578E0,1.288399963E2,1.700000048E0,1.169999981E1
3.781910772E2,6.507031000E1,2.550865667E1,1.281450157E1,1.933296680E0,1.281900024E2,1.799999952E0,1.169999981E1
3.791910772E2,6.507029833E1,2.550868833E1,1.211450339E1,1.829322815E0,1.223000031E2,1.799999952E0,1.169999981E1
3.801910772E2,6.507028667E1,2.550872500E1,1.161450486E1,1.787115574E0,1.234800034E2,1.799999952E0,1.180000019E1
3.811910772E2,6.507027667E1,2.550876500E1,1.211450552E1,1.746452451E0,1.208600006E2,1.700000048E0,1.180000019E1
3.821910772E2,6.507027000E1,2.550880333E1,1.251450514E1,1.686229944E0,1.201800003E2,1.700000048E0,1.189999962E1
3.831910772E2,6.507026167E1,2.550884500E1,1.221450510E1,1.635272503E0,1.165100021E2,1.700000048E0,1.160000038E1
3.841910772E2,6.507025500E1,2.550888333E1,1.231450472E1,1.606448054E0,1.256200027E2,1.700000048E0,1.169999981E1
3.851910772E2,6.507024333E1,2.550891833E1,1.251450630E1,1.611080527E0,1.324499969E2,1.700000048E0,1.169999981E1
3.861910772E2,6.507022833E1,2.550896333E1,1.231450834E1,1.626522183E0,1.335599976E2,1.700000048E0,1.160000038E1
3.871910772E2,6.507021667E1,2.550900167E1,1.241450969E1,1.588432789E0,1.268499985E2,1.700000048E0,1.150000000E1
3.881910772E2,6.507020667E1,2.550903500E1,1.241451081E1,1.600786090E0,1.337700043E2,1.700000048E0,1.150000000E1
3.891910772E2,6.507019500E1,2.550906833E1,1.281451251E1,1.673876643E0,1.358000031E2,1.700000048E0,1.139999962E1
3.901910772E2,6.507018500E1,2.550910000E1,1.311451375E1,1.629610538E0,1.343699951E2,1.700000048E0,1.139999962E1
3.911910772E2,6.507017000E1,2.550914333E1,1.311451590E1,1.672332525E0,1.324400024E2,1.700000048E0,1.139999962E1
3.921910772E2,6.507015667E1,2.550918167E1,1.311451782E1,1.768585563E0,1.367400055E2,1.700000048E0,1.139999962E1
3.931910772E2,6.507014167E1,2.550921000E1,1.301452103E1,1.815425277E0,1.557700043E2,1.700000048E0,1.150000000E1
3.941910772E2,6.507012667E1,2.550922500E1,1.261452517E1,1.817484140E0,1.715299988E2,1.700000048E0,1.150000000E1
3.951910772E2,6.507011667E1,2.550922833E1,1.261452840E1,1.708363056E0,1.843899994E2,1.700000048E0,1.160000038E1
3.961910772E2,6.507011000E1,2.550922333E1,1.271453107E1,1.620345592E0,2.151300049E2,1.600000024E0,1.130000019E1
3.971910772E2,6.507010333E1,2.550921333E1,1.231453408E1,1.611595273E0,2.115800018E2,1.700000048E0,1.150000000E1
3.981910772E2,6.507009500E1,2.550920000E1,1.211453791E1,1.626007557E0,2.296799927E2,1.700000048E0,1.130000019E1
3.991910772E2,6.507008833E1,2.550917833E1,1.211454175E1,1.569902778E0,2.306000061E2,1.799999952E0,1.110000038E1
4.001910772E2,6.507007667E1,2.550915667E1,1.231454732E1,1.642993331E0,2.312599945E2,1.700000048E0,1.110000038E1
4.011910772E2,6.507006667E1,2.550912667E1,1.241455290E1,1.605933309E0,2.331499939E2,1.700000048E0,1.119999981E1
4.021910772E2,6.507005500E1,2.550909667E1,1.271455907E1,1.533357501E0,2.320399933E2,1.700000048E0,1.139999962E1
4.031910772E2,6.507004667E1,2.550907500E1,1.231456348E1,1.504533052E0,2.458000031E2,1.700000048E0,1.130000019E1
4.041910772E2,6.507004000E1,2.550905167E1,1.201456744E1,1.490120888E0,2.494600067E2,1.600000024E0,1.119999981E1
4.051910772E2,6.507003667E1,2.550902667E1,1.161457036E1,1.526151419E0,2.663099976E2,1.700000048E0,1.119999981E1
4.061910772E2,6.507003167E1,2.550900000E1,1.151457398E1,1.521518946E0,2.503699951E2,1.700000048E0,1.089999962E1
4.071910772E2,6.507002500E1,2.550896833E1,1.171457852E1,1.523577809E0,2.430200043E2,1.700000048E0,1.089999962E1
4.081910772E2,6.507001667E1,2.550894000E1,1.201458341E1,1.499385834E0,2.431600037E2,1.700000048E0,1.100000000E1
4.091910772E2,6.507000833E1,2.550891167E1,1.211458830E1,1.485488296E0,2.251900024E2,1.799999952E0,1.080000019E1
4.101910772E2,6.507000000E1,2.550888667E1,1.211459296E1,1.418059707E0,2.325899963E2,1.700000048E0,1.089999962E1
4.111910772E2,6.506999333E1,2.550886333E1,1.211459692E1,1.346513391E0,2.341199951E2,1.700000048E0,1.089999962E1
4.121910772E2,6.506998500E1,2.550883333E1,1.231460193E1,1.318718314E0,2.418699951E2,1.700000048E0,1.089999962E1
4.131910772E2,6.506997333E1,2.550880333E1,1.241460809E1,1.344969153E0,2.382299957E2,1.700000048E0,1.100000000E1
4.141910772E2,6.506996833E1,2.550875167E1,1.261461347E1,1.393353105E0,2.458500061E2,1.700000048E0,1.139999962E1
4.151910772E2,6.506995833E1,2.550871333E1,1.281461965E1,1.448428392E0,2.405299988E2,1.799999952E0,1.130000019E1
4.161910772E2,6.506995000E1,2.550866500E1,1.351462595E1,1.518945336E0,2.386100006E2,1.799999952E0,1.130000019E1
4.171910772E2,6.506994167E1,2.550861833E1,1.391463214E1,1.522033572E0,2.455399933E2,1.799999952E0,1.060000038E1
4.181910772E2,6.506993333E1,2.550858667E1,1.421463727E1,1.484458923E0,2.352500000E2,1.799999952E0,1.060000038E1
4.191910772E2,6.506992333E1,2.550856000E1,1.441464263E1,1.490120888E0,2.258399963E2,1.799999952E0,1.030000019E1
4.201910772E2,6.506991333E1,2.550852833E1,1.471464834E1,1.495268106E0,2.376499939E2,1.799999952E0,1.039999962E1
4.211910772E2,6.506990333E1,2.550849500E1,1.541465416E1,1.540563583E0,2.401900024E2,1.700000048E0,1.039999962E1
4.221910772E2,6.506989833E1,2.550845667E1,1.581465861E1,1.556519985E0,2.330899963E2,1.799999952E0,1.050000000E1
4.231910772E2,6.506989167E1,2.550841833E1,1.601466363E1,1.560637832E0,2.416499939E2,1.799999952E0,1.030000019E1
4.241910772E2,6.506988667E1,2.550838000E1,1.641466808E1,1.530269146E0,2.483500061E2,1.799999952E0,1.050000000E1
4.251910772E2,6.506988000E1,2.550835500E1,1.661467216E1,1.461811066E0,2.248600006E2,1.799999952E0,1.039999962E1
4.261910772E2,6.506987167E1,2.550832000E1,1.711467753E1,1.392323613E0,2.504400024E2,1.799999952E0,1.030000019E1
4.271910772E2,6.506986500E1,2.550829167E1,1.781468184E1,1.391294122E0,2.440299988E2,1.799999952E0,1.019999981E1
4.281910772E2,6.506985000E1,2.550825667E1,1.811468953E1,1.431442499E0,2.443600006E2,1.799999952E0,1.030000019E1
4.291910772E2,6.506983667E1,2.550823833E1,1.861469546E1,1.435045600E0,2.442500000E2,1.799999952E0,1.019999981E1
4.301910772E2,6.506982500E1,2.550821167E1,1.881470140E1,1.419089198E0,2.243699951E2,1.799999952E0,1.000000000E1
4.311910772E2,6.506981500E1,2.550818500E1,1.881470676E1,1.406735778E0,2.339700012E2,1.799999952E0,1.019999981E1
4.321910772E2,6.506980333E1,2.550815000E1,1.871471329E1,1.405191660E0,2.413699951E2,1.799999952E0,1.030000019E1
4.331910772E2,6.506979333E1,2.550810833E1,1.851471971E1,1.388720512E0,2.424900055E2,1.799999952E0,1.039999962E1
4.341910772E2,6.506978167E1,2.550807500E1,1.821472612E1,1.394382477E0,2.427899933E2,1.799999952E0,1.050000000E1
4.351910772E2,6.506977000E1,2.550803167E1,1.801473324E1,1.457693338E0,2.538800049E2,1.799999952E0,1.039999962E1
4.361910772E2,6.506975667E1,2.550799500E1,1.791474047E1,1.521004200E0,2.395099945E2,1.799999952E0,1.000000000E1
4.371910772E2,6.506974333E1,2.550795667E1,1.771474782E1,1.560123086E0,2.331199951E2,1.799999952E0,1.000000000E1
4.381910772E2,6.506972833E1,2.550791500E1,1.761475598E1,1.629610538E0,2.372899933E2,1.799999952E0,9.800000191E0
4.391910772E2,6.506971167E1,2.550787333E1,1.751476473E1,1.668214679E0,2.369199982E2,1.799999952E0,1.010000038E1
4.401910772E2,6.506970167E1,2.550783000E1,1.711477128E1,1.704759955E0,2.473899994E2,1.700000048E0,1.000000000E1
4.411910772E2,6.506969000E1,2.550779667E1,1.671477769E1,1.733584404E0,2.378600006E2,1.799999952E0,1.010000038E1
4.421910772E2,6.506967667E1,2.550775833E1,1.631478505E1,1.751085043E0,2.460500031E2,1.799999952E0,1.010000038E1
4.431910772E2,6.506966667E1,2.550772667E1,1.601479077E1,1.765497208E0,2.362299957E2,1.700000048E0,1.010000038E1
4.441910772E2,6.506965833E1,2.550768167E1,1.541479685E1,1.813881159E0,2.463800049E2,1.600000024E0,1.019999981E1
4.451910772E2,6.506965000E1,2.550763167E1,1.481480329E1,1.811307549E0,2.420899963E2,1.500000000E0,9.800000191E0
4.461910772E2,6.506964000E1,2.550758167E1,1.451481032E1,1.837558389E0,2.379100037E2,1.600000024E0,9.899999619E0
4.471910772E2,6.506963333E1,2.550753167E1,1.461481618E1,1.865353346E0,2.473399963E2,1.600000024E0,9.800000191E0
4.481910772E2,6.506962500E1,2.550748667E1,1.441482227E1,1.827778578E0,2.344600067E2,1.500000000E0,9.600000381E0
4.491910772E2,6.506961667E1,2.550744833E1,1.421482788E1,1.815425277E0,2.389700012E2,1.500000000E0,9.500000000E0
4.501910772E2,6.506961167E1,2.550741667E1,1.391483187E1,1.780424118E0,2.422799988E2,1.500000000E0,9.399999619E0
4.511910772E2,6.506960500E1,2.550739667E1,1.371483561E1,1.698068619E0,2.341699982E2,1.500000000E0,9.600000381E0
4.521910772E2,6.506959833E1,2.550737333E1,1.371483958E1,1.669758916E0,2.346799927E2,1.500000000E0,9.600000381E0
4.531910772E2,6.506958833E1,2.550735333E1,1.351484448E1,1.627551675E0,2.236799927E2,1.500000000E0,9.699999809E0
4.541910772E2,6.506958167E1,2.550733667E1,1.341484798E1,1.547769666E0,2.286000061E2,1.399999976E0,9.899999619E0
4.551910772E2,6.506957167E1,2.550731667E1,1.331485288E1,1.509680271E0,2.205200043E2,1.399999976E0,9.899999619E0
4.561910772E2,6.506956167E1,2.550729833E1,1.291485767E1,1.450487256E0,2.216699982E2,1.399999976E0,1.010000038E1
4.571910772E2,6.506955000E1,2.550728000E1,1.281486303E1,1.376367211E0,2.223300018E2,1.299999952E0,1.019999981E1
4.581910772E2,6.506953667E1,2.550726000E1,1.241486909E1,1.335189462E0,2.237200012E2,1.299999952E0,1.039999962E1
4.591910772E2,6.506952667E1,2.550723500E1,1.221487435E1,1.303791404E0,2.276499939E2,1.299999952E0,1.039999962E1
4.601910772E2,6.506951667E1,2.550721167E1,1.191487948E1,1.309968114E0,2.161399994E2,1.299999952E0,1.060000038E1
4.611910772E2,6.506950667E1,2.550719167E1,1.191488439E1,1.326953888E0,2.164299927E2,1.299999952E0,1.050000000E1
4.621910772E2,6.506949833E1,2.550717167E1,1.181488871E1,1.301217794E0,2.273300018E2,1.299999952E0,1.039999962E1
4.631910772E2,6.506949167E1,2.550715167E1,1.161489245E1,1.280114174E0,2.287299957E2,1.299999952E0,1.039999962E1
4.641910772E2,6.506948667E1,2.550713000E1,1.151489573E1,1.271363854E0,2.294600067E2,1.299999952E0,1.039999962E1
4.651910772E2,6.506948167E1,2.550710667E1,1.131489913E1,1.245113015E0,2.435500031E2,1.299999952E0,1.039999962E1
4.661910772E2,6.506947833E1,2.550708333E1,1.111490194E1,1.197243929E0,2.465599976E2,1.299999952E0,1.039999962E1
4.671910772E2,6.506947167E1,2.550706000E1,1.111490592E1,1.176655054E0,2.317799988E2,1.299999952E0,1.060000038E1
4.681910772E2,6.506946500E1,2.550703667E1,1.101490990E1,1.147830606E0,2.378000031E2,1.299999952E0,1.060000038E1
4.691910772E2,6.506945833E1,2.550701167E1,1.091491400E1,1.126726985E0,2.342400055E2,1.299999952E0,1.050000000E1
4.701910772E2,6.506945167E1,2.550698833E1,1.081491798E1,1.117976665E0,2.312200012E2,1.299999952E0,1.050000000E1
4.711910772E2,6.506944500E1,2.550696500E1,1.071492196E1,1.142168641E0,2.371300049E2,1.299999952E0,1.069999981E1
4.721910772E2,6.506943667E1,2.550693667E1,1.071492687E1,1.189523101E0,2.313500061E2,1.299999952E0,1.050000000E1
4.731910772E2,6.506942667E1,2.550690833E1,1.061493237E1,1.216288567E0,2.262500000E2,1.299999952E0,1.060000038E1
4.741910772E2,6.506941833E1,2.550688333E1,1.041493705E1,1.255922198E0,2.216199951E2,1.299999952E0,1.069999981E1
4.751910772E2,6.506941000E1,2.550686167E1,1.031494149E1,1.264672518E0,2.274299927E2,1.299999952E0,1.060000038E1
4.761910772E2,6.506940333E1,2.550683833E1,1.031494548E1,1.285776138E0,2.323899994E2,1.299999952E0,1.110000038E1
4.771910772E2,6.506939667E1,2.550681833E1,1.021494922E1,1.281143665E0,2.310599976E2,1.299999952E0,1.100000000E1
4.781910772E2,6.506939000E1,2.550680000E1,1.021495285E1,1.272393346E0,2.309799957E2,1.299999952E0,1.100000000E1
4.791910772E2,6.506938333E1,2.550677667E1,1.011495683E1,1.294526339E0,2.236000061E2,1.299999952E0,1.089999962E1
4.801910772E2,6.506937500E1,2.550675667E1,9.914961155E0,1.298129439E0,2.189199982E2,1.299999952E0,1.110000038E1
4.811910772E2,6.506936667E1,2.550673667E1,9.514965482E0,1.299158931E0,2.216799927E2,1.500000000E0,1.130000019E1
4.821910772E2,6.506936000E1,2.550671667E1,9.814969227E0,1.267760873E0,2.264100037E2,1.500000000E0,1.060000038E1
4.831910772E2,6.506935500E1,2.550669667E1,1.061497239E1,1.249230862E0,2.262200012E2,1.500000000E0,1.050000000E1
4.841910772E2,6.506934833E1,2.550667833E1,1.131497602E1,1.210626721E0,2.323899994E2,1.500000000E0,9.800000191E0
4.851910772E2,6.506934333E1,2.550665833E1,1.171497919E1,1.198273301E0,2.231699982E2,1.500000000E0,9.899999619E0
4.861910772E2,6.506933667E1,2.550664333E1,1.191498258E1,1.178199172E0,2.269799957E2,1.600000024E0,9.899999619E0
4.871910772E2,6.506932833E1,2.550662333E1,1.231498690E1,1.161213279E0,2.333200073E2,1.600000024E0,9.899999619E0
4.881910772E2,6.506932167E1,2.550659833E1,1.271499101E1,1.177684426E0,2.351799927E2,1.600000024E0,9.800000191E0
4.891910772E2,6.506931333E1,2.550657667E1,1.381499545E1,1.179228663E0,2.258899994E2,1.600000024E0,9.800000191E0
4.901910772E2,6.506930500E1,2.550655333E1,1.461500002E1,1.172537208E0,2.225299988E2,1.500000000E0,9.500000000E0
4.911910772E2,6.506929667E1,2.550653500E1,1.491500423E1,1.163786888E0,2.264499969E2,1.500000000E0,9.600000381E0
4.921910772E2,6.506929167E1,2.550651333E1,1.501500752E1,1.166875243E0,2.231699982E2,1.500000000E0,9.699999809E0
4.931910772E2,6.506928667E1,2.550649333E1,1.501501068E1,1.163786888E0,2.307100067E2,1.500000000E0,9.600000381E0
4.941910772E2,6.506928167E1,2.550647500E1,1.451501373E1,1.181802273E0,2.295500031E2,1.500000000E0,9.500000000E0
4.951910772E2,6.506927333E1,2.550646000E1,1.431501770E1,1.192611337E0,2.283800049E2,1.500000000E0,9.600000381E0
4.961910772E2,6.506926667E1,2.550644167E1,1.441502133E1,1.202391148E0,2.261699982E2,1.500000000E0,9.699999809E0
4.971910772E2,6.506925833E1,2.550642500E1,1.431502543E1,1.237906933E0,2.135599976E2,1.500000000E0,9.699999809E0
4.981910772E2,6.506925167E1,2.550640833E1,1.441502894E1,1.244083643E0,2.174600067E2,1.500000000E0,9.800000191E0
4.991910772E2,6.506924333E1,2.550638500E1,1.441503351E1,1.234303832E0,2.258399963E2,1.500000000E0,9.600000381E0
5.001910772E2,6.506923667E1,2.550636167E1,1.411503749E1,1.222465277E0,2.262299957E2,1.500000000E0,9.399999619E0
5.011910772E2,6.506923000E1,2.550634000E1,1.371504136E1,1.197758555E0,2.311900024E2,1.500000000E0,9.000000000E0
5.021910772E2,6.506922333E1,2.550632167E1,1.351504499E1,1.179228663E0,2.338000031E2,1.500000000E0,9.300000191E0
5.031910772E2,6.506921500E1,2.550630333E1,1.331504921E1,1.178199172E0,2.266999969E2,1.500000000E0,9.100000381E0
5.041910772E2,6.506920667E1,2.550628500E1,1.351505342E1,1.178199172E0,2.263500061E2,1.500000000E0,9.100000381E0
5.051910772E2,6.506920000E1,2.550626500E1,1.381505717E1,1.185920000E0,2.235299988E2,1.500000000E0,9.000000000E0
5.061910772E2,6.506919000E1,2.550624667E1,1.411506197E1,1.217832804E0,2.216199951E2,1.500000000E0,9.199999809E0
5.071910772E2,6.506918167E1,2.550622833E1,1.441506618E1,1.220921159E0,2.326499939E2,1.500000000E0,9.199999809E0
5.081910772E2,6.506917333E1,2.550620833E1,1.451507052E1,1.200332165E0,2.226799927E2,1.500000000E0,9.399999619E0
5.091910772E2,6.506916500E1,2.550618833E1,1.471507485E1,1.185405254E0,2.301600037E2,1.500000000E0,9.600000381E0
5.101910772E2,6.506915667E1,2.550617167E1,1.501507895E1,1.181802273E0,2.246799927E2,1.500000000E0,9.500000000E0
5.111910772E2,6.506914500E1,2.550615333E1,1.501508432E1,1.176140308E0,2.163800049E2,1.500000000E0,9.500000000E0
5.121910772E2,6.506913833E1,2.550613667E1,1.521508784E1,1.166360497E0,2.363899994E2,1.500000000E0,9.699999809E0
5.131910772E2,6.506912833E1,2.550611500E1,1.511509287E1,1.171507835E0,2.372299957E2,1.500000000E0,9.500000000E0
5.141910772E2,6.506911833E1,2.550609667E1,1.511509767E1,1.163786888E0,2.162299957E2,1.500000000E0,9.600000381E0
5.151910772E2,6.506910667E1,2.550608000E1,1.491510293E1,1.169963598E0,2.155800018E2,1.500000000E0,9.600000381E0
5.161910772E2,6.506909833E1,2.550606000E1,1.461510727E1,1.165845871E0,2.282700043E2,1.500000000E0,9.600000381E0
5.171910772E2,6.506909000E1,2.550603833E1,1.431511172E1,1.176140308E0,2.196199951E2,1.500000000E0,9.600000381E0
5.181910772E2,6.506908167E1,2.550601833E1,1.441511606E1,1.193640828E0,2.146499939E2,1.500000000E0,9.699999809E0
5.191910772E2,6.506907167E1,2.550600500E1,1.481512050E1,1.197243929E0,2.100200043E2,1.500000000E0,9.699999809E0
5.201910772E2,6.506906167E1,2.550598333E1,1.461512554E1,1.203935266E0,2.293800049E2,1.500000000E0,9.500000000E0
5.211910772E2,6.506905333E1,2.550596167E1,1.421512999E1,1.219376922E0,2.317500000E2,1.500000000E0,9.699999809E0
5.221910772E2,6.506904667E1,2.550594167E1,1.351513375E1,1.233789206E0,2.358999939E2,1.399999976E0,9.800000191E0
5.231910772E2,6.506903833E1,2.550592500E1,1.301513785E1,1.250260234E0,2.221999969E2,1.399999976E0,9.600000381E0
5.241910772E2,6.506903167E1,2.550590667E1,1.261514149E1,1.284746647E0,2.269600067E2,1.500000000E0,9.500000000E0
5.251910772E2,6.506902333E1,2.550588500E1,1.241514594E1,1.298129439E0,2.229299927E2,1.399999976E0,9.600000381E0
5.261910772E2,6.506901500E1,2.550586667E1,1.231515016E1,1.310482740E0,2.261300049E2,1.399999976E0,9.699999809E0
5.271910772E2,6.506900667E1,2.550584833E1,1.221515438E1,1.304820776E0,2.292899933E2,1.399999976E0,1.000000000E1
5.281910772E2,6.506899833E1,2.550583000E1,1.191515860E1,1.301217794E0,2.210899963E2,1.299999952E0,9.800000191E0
5.291910772E2,6.506898833E1,2.550581000E1,1.181516352E1,1.328498006E0,2.212899933E2,1.299999952E0,9.600000381E0
5.301910772E2,6.506897833E1,2.550578833E1,1.161516856E1,1.355263591E0,2.257500000E2,1.299999952E0,9.500000000E0
5.311910772E2,6.506896500E1,2.550576333E1,1.111517500E1,1.373793602E0,2.228999939E2,1.399999976E0,9.800000191E0
5.321910772E2,6.506895667E1,2.550574000E1,1.101517958E1,1.390779495E0,2.254199982E2,1.500000000E0,9.600000381E0
5.331910772E2,6.506894833E1,2.550572000E1,1.111518392E1,1.383058667E0,2.200700073E2,1.500000000E0,9.699999809E0
5.341910772E2,6.506894167E1,2.550569833E1,1.121518780E1,1.350116372E0,2.252799988E2,1.500000000E0,9.699999809E0
5.351910772E2,6.506893167E1,2.550568333E1,1.121519237E1,1.348572254E0,2.179700012E2,1.500000000E0,9.500000000E0
5.361910772E2,6.506892333E1,2.550566167E1,1.151519682E1,1.342395544E0,2.196600037E2,1.500000000E0,9.600000381E0
5.371910772E2,6.506891333E1,2.550564333E1,1.161520163E1,1.334674716E0,2.122599945E2,1.500000000E0,9.699999809E0
5.381910772E2,6.506890667E1,2.550562167E1,1.171520551E1,1.348572254E0,2.130500031E2,1.500000000E0,9.399999619E0
5.391910772E2,6.506889667E1,2.550559500E1,1.151521091E1,1.347028017E0,2.288399963E2,1.500000000E0,9.399999619E0
5.401910772E2,6.506888833E1,2.550556667E1,1.161521584E1,1.328498006E0,2.344400024E2,1.500000000E0,9.500000000E0
5.411910772E2,6.506888500E1,2.550554667E1,1.141521844E1,1.305850267E0,2.241499939E2,1.500000000E0,9.300000191E0
5.421910772E2,6.506887833E1,2.550552333E1,1.151522244E1,1.292467475E0,2.345800018E2,1.500000000E0,9.300000191E0
5.431910772E2,6.506887000E1,2.550550167E1,1.141522690E1,1.284231901E0,2.221000061E2,1.500000000E0,9.300000191E0
5.441910772E2,6.506886167E1,2.550548500E1,1.131523100E1,1.289379120E0,2.233999939E2,1.500000000E0,9.399999619E0
5.451910772E2,6.506885333E1,2.550546667E1,1.111523523E1,1.273422837E0,2.273000031E2,1.500000000E0,9.399999619E0
5.461910772E2,6.506884667E1,2.550544667E1,1.131523899E1,1.264672518E0,2.368999939E2,1.500000000E0,9.500000000E0
5.471910772E2,6.506883500E1,2.550542500E1,1.141524462E1,1.277540565E0,2.256199951E2,1.500000000E0,9.399999619E0
5.481910772E2,6.506882500E1,2.550540500E1,1.181524954E1,1.270334482E0,2.215500031E2,1.500000000E0,9.399999619E0
5.491910772E2,6.506881500E1,2.550538833E1,1.151525423E1,1.249745607E0,2.230099945E2,1.500000000E0,9.300000191E0
5.501910772E2,6.506880667E1,2.550537000E1,1.131525846E1,1.245627761E0,2.272799988E2,1.500000000E0,9.300000191E0
5.511910772E2,6.506880000E1,2.550535167E1,1.141526210E1,1.250260234E0,2.336799927E2,1.500000000E0,9.399999619E0
5.521910772E2,6.506879167E1,2.550533333E1,1.141526633E1,1.256951690E0,2.206999969E2,1.500000000E0,9.199999809E0
5.531910772E2,6.506878500E1,2.550531667E1,1.181526985E1,1.270849109E0,2.215200043E2,1.500000000E0,9.100000381E0
5.541910772E2,6.506877667E1,2.550529500E1,1.211527431E1,1.278570056E0,2.219299927E2,1.500000000E0,9.000000000E0
5.551910772E2,6.506877167E1,2.550527167E1,1.251527773E1,1.281658292E0,2.213899994E2,1.500000000E0,8.800000191E0
5.561910772E2,6.506876000E1,2.550525167E1,1.261528324E1,1.275481701E0,2.219900055E2,1.500000000E0,9.000000000E0
5.571910772E2,6.506875333E1,2.550523500E1,1.231528677E1,1.260040045E0,2.233300018E2,1.500000000E0,9.000000000E0
5.581910772E2,6.506874667E1,2.550520667E1,1.251529113E1,1.244083643E0,2.301199951E2,1.500000000E0,8.899999619E0
5.591910772E2,6.506874167E1,2.550518167E1,1.251529467E1,1.226068377E0,2.427500000E2,1.500000000E0,9.000000000E0
5.601910772E2,6.506873833E1,2.550516167E1,1.221529727E1,1.220921159E0,2.323200073E2,1.500000000E0,8.899999619E0
5.611910772E2,6.506873167E1,2.550514833E1,1.201530055E1,1.234818578E0,2.198600006E2,1.500000000E0,8.899999619E0
5.621910772E2,6.506872500E1,2.550513333E1,1.191530396E1,1.247686625E0,2.197500000E2,1.500000000E0,9.100000381E0
5.631910772E2,6.506871333E1,2.550511333E1,1.161530947E1,1.253863335E0,2.154199982E2,1.500000000E0,9.100000381E0
5.641910772E2,6.506870833E1,2.550509333E1,1.141531265E1,1.239451170E0,2.195000000E2,1.500000000E0,9.199999809E0
5.651910772E2,6.506870333E1,2.550507333E1,1.131531584E1,1.234818578E0,2.323800049E2,1.500000000E0,9.100000381E0
5.661910772E2,6.506869667E1,2.550505333E1,1.121531960E1,1.222980022E0,2.334400024E2,1.500000000E0,9.000000000E0
5.671910772E2,6.506869000E1,2.550503500E1,1.141532325E1,1.177684426E0,2.306499939E2,1.500000000E0,9.000000000E0
5.681910772E2,6.506868333E1,2.550502500E1,1.151532630E1,1.176140308E0,2.180000000E2,1.500000000E0,9.100000381E0
5.691910772E2,6.506867333E1,2.550500667E1,1.161533111E1,1.192611337E0,2.219499969E2,1.500000000E0,9.100000381E0
5.701910772E2,6.506866167E1,2.550499000E1,1.191533639E1,1.222980022E0,2.182799988E2,1.500000000E0,9.100000381E0
5.711910772E2,6.506865500E1,2.550496833E1,1.231534027E1,1.228641987E0,2.284199982E2,1.500000000E0,9.100000381E0
5.721910772E2,6.506864667E1,2.550494333E1,1.301534498E1,1.233789206E0,2.223200073E2,1.500000000E0,9.100000381E0
5.731910772E2,6.506864167E1,2.550492000E1,1.341534840E1,1.226068377E0,2.233800049E2,1.500000000E0,9.199999809E0
5.741910772E2,6.506863333E1,2.550489833E1,1.391535287E1,1.220921159E0,2.291100006E2,1.500000000E0,9.199999809E0
5.751910772E2,6.506862667E1,2.550488000E1,1.411535652E1,1.192096710E0,2.246799927E2,1.500000000E0,9.199999809E0
5.761910772E2,6.506861833E1,2.550485833E1,1.431536099E1,1.187978864E0,2.362700043E2,1.500000000E0,9.100000381E0
5.771910772E2,6.506861167E1,2.550483667E1,1.431536488E1,1.216288567E0,2.382799988E2,1.500000000E0,9.199999809E0
5.781910772E2,6.506860333E1,2.550482333E1,1.421536875E1,1.223494768E0,2.253099976E2,1.500000000E0,9.100000381E0
5.791910772E2,6.506859167E1,2.550480667E1,1.411537403E1,1.233274460E0,2.182200012E2,1.500000000E0,9.199999809E0
5.801910772E2,6.506858500E1,2.550479333E1,1.411537732E1,1.218862176E0,2.299100037E2,1.500000000E0,9.300000191E0
5.811910772E2,6.506857667E1,2.550477333E1,1.401538167E1,1.226583004E0,2.372799988E2,1.600000024E0,9.199999809E0
5.821910772E2,6.506856833E1,2.550474667E1,1.411538650E1,1.209082484E0,2.349199982E2,1.600000024E0,9.399999619E0
5.831910772E2,6.506856167E1,2.550473000E1,1.411539003E1,1.201361656E0,2.191300049E2,1.600000024E0,9.300000191E0
5.841910772E2,6.506855167E1,2.550471000E1,1.421539497E1,1.215773940E0,2.232899933E2,1.600000024E0,9.300000191E0
5.851910772E2,6.506854500E1,2.550468833E1,1.411539886E1,1.214229703E0,2.357400055E2,1.600000024E0,9.199999809E0
5.861910772E2,6.506853833E1,2.550467000E1,1.421540251E1,1.219891667E0,2.222899933E2,1.600000024E0,9.000000000E0
5.871910772E2,6.506853000E1,2.550465167E1,1.431540674E1,1.227097750E0,2.276799927E2,1.600000024E0,9.000000000E0
5.881910772E2,6.506852000E1,2.550463333E1,1.391541156E1,1.254892826E0,2.219700012E2,1.600000024E0,9.100000381E0
5.891910772E2,6.506851000E1,2.550461667E1,1.371541626E1,1.260554671E0,2.281199951E2,1.600000024E0,9.199999809E0
5.901910772E2,6.506850333E1,2.550459833E1,1.371541991E1,1.228641987E0,2.225299988E2,1.600000024E0,9.300000191E0
5.911910772E2,6.506849833E1,2.550458167E1,1.421542286E1,1.176140308E0,2.332400055E2,1.600000024E0,9.399999619E0
5.921910772E2,6.506849500E1,2.550456167E1,1.411542546E1,1.135991931E0,2.216000061E2,1.500000000E0,9.199999809E0
5.931910772E2,6.506849167E1,2.550454667E1,1.431542771E1,1.097902536E0,2.397200012E2,1.500000000E0,9.199999809E0
5.941910772E2,6.506848500E1,2.550452833E1,1.451543136E1,1.075769424E0,2.189600067E2,1.500000000E0,9.100000381E0
5.951910772E2,6.506847833E1,2.550451167E1,1.461543489E1,1.097387791E0,2.336499939E2,1.600000024E0,9.199999809E0
5.961910772E2,6.506847333E1,2.550449167E1,1.501543808E1,1.093269944E0,2.343300018E2,1.600000024E0,9.300000191E0
5.971910772E2,6.506846500E1,2.550446833E1,1.551544267E1,1.108196974E0,2.225500031E2,1.600000024E0,9.199999809E0
5.981910772E2,6.506845500E1,2.550445000E1,1.581544749E1,1.074740052E0,2.257599945E2,1.500000000E0,9.300000191E0
5.991910772E2,6.506845000E1,2.550443333E1,1.601545044E1,1.040768385E0,2.244600067E2,1.500000000E0,9.500000000E0
6.001910772E2,6.506844500E1,2.550441833E1,1.611545327E1,1.045400858E0,2.299700012E2,1.600000024E0,9.300000191E0
6.011910772E2,6.506843667E1,2.550439667E1,1.591545775E1,1.062901378E0,2.359499969E2,1.600000024E0,9.199999809E0
6.021910772E2,6.506843167E1,2.550438000E1,1.581546070E1,1.090696335E0,2.296000061E2,1.600000024E0,9.199999809E0
6.031910772E2,6.506842333E1,2.550436000E1,1.581546505E1,1.123638630E0,2.274600067E2,1.500000000E0,9.300000191E0
6.041910772E2,6.506841667E1,2.550434000E1,1.581546883E1,1.128785849E0,2.285099945E2,1.600000024E0,9.300000191E0
6.051910772E2,6.506840833E1,2.550432833E1,1.601547259E1,1.152977824E0,2.224100037E2,1.600000024E0,9.300000191E0
6.061910772E2,6.506839667E1,2.550430667E1,1.611547823E1,1.178199172E0,2.199900055E2,1.600000024E0,9.300000191E0
6.071910772E2,6.506838833E1,2.550429167E1,1.601548223E1,1.162242770E0,2.296199951E2,1.600000024E0,9.100000381E0
6.081910772E2,6.506838167E1,2.550427500E1,1.571548577E1,1.141139150E0,2.350800018E2,1.600000024E0,9.100000381E0
6.091910772E2,6.506837667E1,2.550425500E1,1.551548896E1,1.120550275E0,2.411199951E2,1.500000000E0,9.100000381E0
6.101910772E2,6.506837167E1,2.550423833E1,1.541549191E1,1.101505518E0,2.373999939E2,1.500000000E0,9.300000191E0
6.111910772E2,6.506836333E1,2.550421833E1,1.521549627E1,1.107682228E0,2.348099976E2,1.500000000E0,9.300000191E0
6.121910772E2,6.506835167E1,2.550419833E1,1.471550179E1,1.142168641E0,2.263200073E2,1.500000000E0,9.300000191E0
6.131910772E2,6.506834333E1,2.550417500E1,1.421550639E1,1.168934226E0,2.302899933E2,1.500000000E0,9.300000191E0
6.141910772E2,6.506833167E1,2.550415333E1,1.381551204E1,1.198788047E0,2.310500031E2,1.500000000E0,9.399999619E0
6.151910772E2,6.506832000E1,2.550413167E1,1.341551769E1,1.199817538E0,2.191499939E2,1.500000000E0,9.500000000E0
6.161910772E2,6.506830833E1,2.550411500E1,1.351552298E1,1.162242770E0,2.224299927E2,1.399999976E0,9.699999809E0
6.171910772E2,6.506830333E1,2.550410000E1,1.321552581E1,1.155036688E0,2.365500031E2,1.500000000E0,9.500000000E0
6.181910772E2,6.506829667E1,2.550408333E1,1.311552935E1,1.169963598E0,2.319199982E2,1.500000000E0,9.500000000E0
6.191910772E2,6.506828833E1,2.550406333E1,1.341553371E1,1.197758555E0,2.242599945E2,1.500000000E0,9.500000000E0
6.201910772E2,6.506828000E1,2.550404167E1,1.371553819E1,1.240995288E0,2.113800049E2,1.500000000E0,9.500000000E0
6.211910772E2,6.506827000E1,2.550402333E1,1.391554302E1,1.280114174E0,2.040899963E2,1.500000000E0,9.199999809E0
6.221910772E2,6.506825833E1,2.550400667E1,1.381554831E1,1.296585321E0,2.069900055E2,1.500000000E0,9.199999809E0
6.231910772E2,6.506825000E1,2.550398833E1,1.381555256E1,1.269819736E0,2.206300049E2,1.500000000E0,9.199999809E0
6.241910772E2,6.506824500E1,2.550397000E1,1.361555563E1,1.247686625E0,2.296499939E2,1.600000024E0,9.300000191E0
6.251910772E2,6.506823667E1,2.550394333E1,1.351556047E1,1.210626721E0,2.212100067E2,1.600000024E0,9.500000000E0
6.261910772E2,6.506823000E1,2.550392167E1,1.361556437E1,1.232244968E0,2.243699951E2,1.600000024E0,9.300000191E0
6.271910772E2,6.506822000E1,2.550389833E1,1.361556956E1,1.238936424E0,2.385800018E2,1.600000024E0,9.199999809E0
6.281910772E2,6.506821167E1,2.550387833E1,1.321557392E1,1.234303832E0,2.356799927E2,1.500000000E0,9.300000191E0
6.291910772E2,6.506820333E1,2.550385667E1,1.301557841E1,1.270849109E0,2.324499969E2,1.600000024E0,9.600000381E0
6.301910772E2,6.506819500E1,2.550382833E1,1.291558337E1,1.283202529E0,2.273899994E2,1.600000024E0,9.699999809E0
6.311910772E2,6.506818833E1,2.550380500E1,1.261558739E1,1.249230862E0,2.252500000E2,1.500000000E0,9.699999809E0
6.321910772E2,6.506818167E1,2.550378667E1,1.231559105E1,1.202391148E0,2.223200073E2,1.399999976E0,9.699999809E0
6.331910772E2,6.506817333E1,2.550377333E1,1.211559493E1,1.186949492E0,2.037400055E2,1.399999976E0,9.600000381E0
6.341910772E2,6.506816167E1,2.550376000E1,1.201559999E1,1.187978864E0,2.104700012E2,1.399999976E0,9.699999809E0
6.351910772E2,6.506815000E1,2.550374000E1,1.161560553E1,1.205479503E0,2.292799988E2,1.299999952E0,9.800000191E0
6.361910772E2,6.506814333E1,2.550372000E1,1.111560931E1,1.207538366E0,2.307899933E2,1.299999952E0,9.899999619E0
6.371910772E2,6.506813667E1,2.550370333E1,1.061561285E1,1.197243929E0,2.218999939E2,1.299999952E0,1.000000000E1
6.381910772E2,6.506812833E1,2.550368667E1,9.915616974E0,1.181287527E0,2.243099976E2,1.299999952E0,1.000000000E1
6.391910772E2,6.506812167E1,2.550366833E1,9.415620635E0,1.141139150E0,2.273999939E2,1.299999952E0,1.019999981E1
6.401910772E2,6.506811333E1,2.550364833E1,8.815625002E0,1.116432548E0,2.250700073E2,1.299999952E0,1.019999981E1
6.411910772E2,6.506810500E1,2.550362667E1,8.415629489E0,1.137536168E0,2.313999939E2,1.299999952E0,1.000000000E1
6.421910772E2,6.506809500E1,2.550360167E1,8.315634802E0,1.147830606E0,2.263600006E2,1.299999952E0,9.800000191E0
6.431910772E2,6.506808667E1,2.550358000E1,8.115639290E0,1.158125043E0,2.303899994E2,1.299999952E0,1.000000000E1
6.441910772E2,6.506808167E1,2.550356167E1,8.015642367E0,1.140109777E0,2.339900055E2,1.299999952E0,1.019999981E1
6.451910772E2,6.506807667E1,2.550354167E1,7.815645565E0,1.119006157E0,2.380299988E2,1.299999952E0,1.010000038E1
6.461910772E2,6.506806833E1,2.550351500E1,7.615650414E0,1.115403056E0,2.313800049E2,1.500000000E0,1.030000019E1
6.471910772E2,6.506806167E1,2.550349333E1,7.515654318E0,1.116947174E0,2.285800018E2,1.500000000E0,1.010000038E1
6.481910772E2,6.506805333E1,2.550347667E1,7.715658446E0,1.140624404E0,2.135200043E2,1.500000000E0,9.899999619E0
6.491910772E2,6.506804500E1,2.550346333E1,8.015662335E0,1.136506677E0,2.239299927E2,1.500000000E0,9.899999619E0
6.501910772E2,6.506804000E1,2.550345000E1,8.415665052E0,1.125182748E0,2.329900055E2,1.500000000E0,9.600000381E0
6.511910772E2,6.506803500E1,2.550343333E1,8.415668011E0,1.089666963E0,2.438800049E2,1.500000000E0,9.699999809E0
6.521910772E2,6.506803333E1,2.550341000E1,8.515670279E0,1.097387791E0,2.672699890E2,1.600000024E0,9.600000381E0
6.531910772E2,6.506803333E1,2.550338667E1,8.615671962E0,1.113858938E0,2.786600037E2,1.600000024E0,9.800000191E0
6.541910772E2,6.506803167E1,2.550336667E1,8.515673990E0,1.088637471E0,3.081799927E2,1.700000048E0,9.800000191E0
6.551910772E2,6.506803333E1,2.550336333E1,8.615673644E0,1.053636432E0,3.347000122E2,1.700000048E0,9.899999619E0
6.561910772E2,6.506803833E1,2.550335500E1,8.715672489E0,1.005252481E0,3.323299866E2,1.700000048E0,1.010000038E1
6.571910772E2,6.506804333E1,2.550334667E1,8.815671333E0,9.666483402E-1,3.269400024E2,1.700000048E0,1.019999981E1
6.581920772E2,6.506804833E1,2.550333833E1,9.015670177E0,9.234116673E-1,3.328200073E2,1.700000048E0,1.019999981E1
6.591920772E2,6.506805833E1,2.550332333E1,8.915667745E0,8.992197514E-1,3.339700012E2,1.700000048E0,1.030000019E1
6.601920772E2,6.506807000E1,2.550330667E1,9.115664847E0,8.930430412E-1,3.263699951E2,1.700000048E0,1.030000019E1
6.611920772E2,6.506808167E1,2.550329333E1,9.115661709E0,8.961313963E-1,3.442500000E2,1.700000048E0,1.050000000E1
6.621920772E2,6.506809167E1,2.550328167E1,8.915659036E0,8.523799777E-1,3.155299988E2,1.600000024E0,1.019999981E1
6.631920772E2,6.506810000E1,2.550326500E1,8.615657308E0,8.276733160E-1,3.408999939E2,1.600000024E0,1.019999981E1
6.641920772E2,6.506811333E1,2.550325667E1,8.315653223E0,8.575271964E-1,3.533200073E2,1.500000000E0,1.019999981E1
6.651920772E2,6.506812500E1,2.550324833E1,8.215649724E0,8.992197514E-1,3.533299866E2,1.600000024E0,1.000000000E1
6.661920772E2,6.506813833E1,2.550323667E1,8.015645879E0,9.393680692E-1,3.448200073E2,1.600000024E0,1.019999981E1
6.671920772E2,6.506814833E1,2.550322500E1,7.815643204E0,9.779722095E-1,3.192200012E2,1.600000024E0,1.019999981E1
6.681920772E2,6.506815833E1,2.550320833E1,7.415640890E0,1.019664764E0,3.282200012E2,1.600000024E0,1.050000000E1
6.691920772E2,6.506816667E1,2.550319167E1,7.015639162E0,1.038709402E0,3.313999939E2,1.600000024E0,1.060000038E1
6.701920772E2,6.506817500E1,2.550318000E1,6.615637073E0,1.065989733E0,3.347200012E2,1.600000024E0,1.069999981E1
6.711920772E2,6.506818667E1,2.550317000E1,6.115633692E0,1.088122725E0,3.216600037E2,1.600000024E0,1.039999962E1
6.721920772E2,6.506819667E1,2.550315000E1,5.915631617E0,1.103049755E0,3.233200073E2,1.600000024E0,1.060000038E1
6.731920772E2,6.506820667E1,2.550313167E1,6.215629422E0,1.095328927E0,3.154899902E2,1.600000024E0,1.060000038E1
6.741920772E2,6.506821333E1,2.550311500E1,6.315628278E0,1.096873045E0,3.363399963E2,1.600000024E0,1.050000000E1
6.751920772E2,6.506822500E1,2.550309833E1,6.815625376E0,1.101505518E0,3.329800110E2,1.600000024E0,1.030000019E1
6.761920772E2,6.506823500E1,2.550307667E1,6.915623420E0,1.092240572E0,3.277399902E2,1.600000024E0,1.010000038E1
6.771920772E2,6.506824167E1,2.550305667E1,7.315622515E0,1.061357260E0,3.112600098E2,1.700000048E0,1.019999981E1
6.781920772E2,6.506824667E1,2.550303500E1,7.715622316E0,1.033562183E0,3.169899902E2,1.600000024E0,1.030000019E1
6.791920772E2,6.506825500E1,2.550301167E1,7.915621065E0,1.037680030E0,3.173999939E2,1.600000024E0,1.050000000E1
6.801920772E2,6.506826833E1,2.550299000E1,8.215617935E0,1.030473948E0,3.194800110E2,1.600000024E0,9.600000381E0
6.811920772E2,6.506828167E1,2.550297000E1,8.315614685E0,1.034076929E0,3.199200134E2,1.600000024E0,9.699999809E0
6.821920772E2,6.506829667E1,2.550295500E1,8.415610489E0,1.056724668E0,3.249299927E2,1.600000024E0,9.699999809E0
6.831920772E2,6.506830833E1,2.550294000E1,8.615607465E0,1.094299436E0,3.254200134E2,1.600000024E0,9.800000191E0
6.841920772E2,6.506831833E1,2.550291500E1,8.715605745E0,1.106138110E0,3.214400024E2,1.600000024E0,9.899999619E0
6.851920772E2,6.506832667E1,2.550290000E1,8.715603893E0,1.103564501E0,3.267500000E2,1.600000024E0,1.000000000E1
6.861920772E2,6.506833667E1,2.550288167E1,8.815601693E0,1.107167482E0,3.244299927E2,1.600000024E0,9.899999619E0
6.871920772E2,6.506834667E1,2.550286500E1,8.815599374E0,1.146801114E0,3.377099915E2,1.500000000E0,9.899999619E0
6.881920772E2,6.506835667E1,2.550285167E1,8.715596815E0,1.209597230E0,3.279500122E2,1.399999976E0,9.800000191E0
6.891920772E2,6.506836667E1,2.550283167E1,8.715594735E0,1.208053112E0,3.139500122E2,1.399999976E0,9.899999619E0
6.901920772E2,6.506837333E1,2.550281333E1,8.615593707E0,1.202391148E0,3.238500061E2,1.399999976E0,1.010000038E1
6.911920772E2,6.506838167E1,2.550279833E1,8.915591853E0,1.201361656E0,3.314800110E2,1.500000000E0,1.019999981E1
6.921920772E2,6.506839000E1,2.550278000E1,9.115590238E0,1.211141348E0,3.272999878E2,1.600000024E0,1.019999981E1
6.931920772E2,6.506839833E1,2.550276333E1,9.115588504E0,1.212170839E0,3.251799927E2,1.600000024E0,1.039999962E1
6.941920772E2,6.506840833E1,2.550275000E1,9.315585943E0,1.210111976E0,3.227099915E2,1.600000024E0,1.050000000E1
6.951920772E2,6.506841667E1,2.550273500E1,9.315584089E0,1.220921159E0,3.228800049E2,1.600000024E0,1.039999962E1
6.961920772E2,6.506842500E1,2.550271667E1,9.215582473E0,1.205994129E0,3.129599915E2,1.500000000E0,1.039999962E1
6.971920772E2,6.506843333E1,2.550270000E1,9.215580738E0,1.209597230E0,3.260499878E2,1.600000024E0,1.039999962E1
6.981920772E2,6.506844667E1,2.550268667E1,9.215577004E0,1.184375882E0,3.253200073E2,1.600000024E0,1.039999962E1
6.991920772E2,6.506845833E1,2.550266833E1,9.315574214E0,1.218347549E0,3.287600098E2,1.600000024E0,1.010000038E1
7.001920772E2,6.506846667E1,2.550264500E1,9.615572957E0,1.214744449E0,3.176900024E2,1.600000024E0,1.010000038E1
7.011920772E2,6.506847667E1,2.550262500E1,1.021557087E1,1.208053112E0,3.241300049E2,1.600000024E0,1.010000038E1
7.021920772E2,6.506848833E1,2.550261000E1,1.021556784E1,1.199302793E0,3.283900146E2,1.500000000E0,1.030000019E1
7.031920772E2,6.506850000E1,2.550260000E1,1.021556446E1,1.160183907E0,3.289800110E2,1.500000000E0,1.019999981E1
7.041920772E2,6.506850833E1,2.550258500E1,1.021556260E1,1.149374723E0,3.237399902E2,1.500000000E0,1.010000038E1
7.051920772E2,6.506851167E1,2.550257000E1,1.061556250E1,1.131874204E0,3.271199951E2,1.600000024E0,1.010000038E1
7.061920772E2,6.506851667E1,2.550256000E1,1.081556146E1,1.141653895E0,3.138599854E2,1.600000024E0,1.000000000E1
7.071920772E2,6.506852167E1,2.550254167E1,1.091556101E1,1.139595032E0,3.083999939E2,1.600000024E0,1.000000000E1
7.081920772E2,6.506853000E1,2.550252167E1,1.111555952E1,1.149374723E0,3.166400146E2,1.500000000E0,1.030000019E1
7.091920772E2,6.506853833E1,2.550250167E1,1.131555802E1,1.135477185E0,3.202799988E2,1.600000024E0,1.000000000E1
7.101920772E2,6.506854833E1,2.550248167E1,1.171555593E1,1.130844712E0,3.129200134E2,1.600000024E0,1.019999981E1
7.111920772E2,6.506855667E1,2.550246500E1,1.221555419E1,1.126726985E0,3.233299866E2,1.600000024E0,1.019999981E1
7.121920772E2,6.506856167E1,2.550245167E1,1.241555339E1,1.104079127E0,3.173699951E2,1.600000024E0,1.019999981E1
7.131920772E2,6.506856667E1,2.550244667E1,1.301555199E1,1.097387791E0,3.318800049E2,1.600000024E0,9.600000381E0
7.141920772E2,6.506857333E1,2.550243667E1,1.311555036E1,1.114373565E0,3.202500000E2,1.700000048E0,9.500000000E0
7.151920772E2,6.506858167E1,2.550241333E1,1.351554909E1,1.113858938E0,3.146199951E2,1.600000024E0,9.500000000E0
7.161920772E2,6.506859167E1,2.550239333E1,1.361554701E1,1.138565540E0,3.153399963E2,1.600000024E0,9.500000000E0
7.171920772E2,6.506859667E1,2.550237667E1,1.301554644E1,1.131874204E0,3.232600098E2,1.600000024E0,9.500000000E0
7.181920772E2,6.506860667E1,2.550235833E1,1.291554423E1,1.134962559E0,3.188699951E2,1.600000024E0,9.600000381E0
7.191920772E2,6.506861000E1,2.550233500E1,1.271554473E1,1.141139150E0,3.011600037E2,1.600000024E0,9.600000381E0
7.201920772E2,6.506861833E1,2.550231500E1,1.271554323E1,1.170478344E0,3.221400146E2,1.700000048E0,9.399999619E0
7.211920772E2,6.506862833E1,2.550229500E1,1.231554114E1,1.173566699E0,3.233800049E2,1.600000024E0,9.399999619E0
7.221920772E2,6.506863833E1,2.550227833E1,1.171553881E1,1.205994129E0,3.115299988E2,1.600000024E0,9.500000000E0
7.231920772E2,6.506864833E1,2.550226333E1,1.131553637E1,1.271878600E0,3.258299866E2,1.600000024E0,9.600000381E0
7.241920772E2,6.506866000E1,2.550224333E1,1.121553369E1,1.278570056E0,3.384700012E2,1.700000048E0,9.899999619E0
7.251920772E2,6.506866833E1,2.550222500E1,1.151553207E1,1.273937464E0,3.276099854E2,1.600000024E0,1.000000000E1
7.261920772E2,6.506867500E1,2.550221500E1,1.131553044E1,1.237392187E0,3.208900146E2,1.600000024E0,1.000000000E1
7.271920772E2,6.506868167E1,2.550219167E1,1.121552976E1,1.243568897E0,3.200000000E2,1.600000024E0,9.899999619E0
7.281920772E2,6.506869000E1,2.550217500E1,1.151552802E1,1.187978864E0,3.089299927E2,1.600000024E0,9.500000000E0
7.291920772E2,6.506870000E1,2.550216000E1,1.151552557E1,1.154007196E0,3.213200073E2,1.600000024E0,9.899999619E0
7.301920772E2,6.506870833E1,2.550213833E1,1.141552418E1,1.116432548E0,3.162200012E2,1.600000024E0,1.000000000E1
7.311920772E2,6.506871500E1,2.550211333E1,1.131552362E1,1.086578608E0,3.137799988E2,1.600000024E0,1.000000000E1
7.321920772E2,6.506872167E1,2.550209333E1,1.131552271E1,1.043856621E0,3.139500122E2,1.600000024E0,1.000000000E1
7.331920772E2,6.506872667E1,2.550206833E1,1.131552273E1,9.831194282E-1,3.137000122E2,1.600000024E0,1.000000000E1
7.341920772E2,6.506873167E1,2.550205333E1,1.141552204E1,9.254705310E-1,3.221499939E2,1.600000024E0,9.500000000E0
7.351920772E2,6.506873833E1,2.550204333E1,1.151552041E1,9.007638693E-1,3.195100098E2,1.600000024E0,9.600000381E0
7.361920772E2,6.506874333E1,2.550202833E1,1.141551972E1,8.848075271E-1,3.130899963E2,1.700000048E0,9.399999619E0
7.371920772E2,6.506874833E1,2.550201667E1,1.151551879E1,8.611302972E-1,3.100899963E2,1.600000024E0,9.500000000E0
7.381920772E2,6.506875667E1,2.550199000E1,1.151551777E1,8.981902599E-1,3.041099854E2,1.600000024E0,9.600000381E0
7.391920772E2,6.506876667E1,2.550196500E1,1.121551603E1,9.192938805E-1,3.045799866E2,1.600000024E0,9.800000191E0
7.401920772E2,6.506877833E1,2.550195167E1,1.121551287E1,9.414269328E-1,3.116400146E2,1.600000024E0,1.000000000E1
7.411920772E2,6.506879167E1,2.550194167E1,1.131550889E1,9.630452991E-1,3.152500000E2,1.600000024E0,9.800000191E0
7.421920772E2,6.506880333E1,2.550192333E1,1.131550609E1,9.862077832E-1,3.238699951E2,1.600000024E0,9.699999809E0
7.431920772E2,6.506881167E1,2.550190333E1,1.151550458E1,1.011943936E0,3.188299866E2,1.600000024E0,9.600000381E0
7.441920772E2,6.506881667E1,2.550188500E1,1.181550413E1,1.040768385E0,3.162600098E2,1.600000024E0,9.899999619E0
7.451920772E2,6.506882000E1,2.550186333E1,1.221550450E1,1.063930869E0,3.037300110E2,1.600000024E0,1.019999981E1
7.461920772E2,6.506883000E1,2.550183667E1,1.231550288E1,1.080916643E0,2.997099915E2,1.600000024E0,1.010000038E1
7.471920772E2,6.506883500E1,2.550181333E1,1.211550279E1,1.096358299E0,3.063800049E2,1.600000024E0,1.019999981E1
7.481920772E2,6.506884333E1,2.550179000E1,1.191550152E1,1.071136951E0,2.976199951E2,1.600000024E0,1.050000000E1
7.491920772E2,6.506885167E1,2.550176833E1,1.201550013E1,1.069592834E0,3.068599854E2,1.600000024E0,1.050000000E1
7.501920772E2,6.506886167E1,2.550174167E1,1.191549851E1,1.062901378E0,3.078999939E2,1.600000024E0,1.060000038E1
7.511920772E2,6.506887000E1,2.550171500E1,1.211549747E1,1.057754159E0,3.081600037E2,1.600000024E0,1.089999962E1
7.521920772E2,6.506888000E1,2.550169667E1,1.231549526E1,1.043856621E0,3.280000000E2,1.600000024E0,1.069999981E1
7.531920772E2,6.506889000E1,2.550168000E1,1.211549292E1,1.028929710E0,3.286700134E2,1.600000024E0,1.089999962E1
7.541920772E2,6.506889833E1,2.550165833E1,1.191549153E1,1.046430230E0,3.155899963E2,1.700000048E0,1.089999962E1
7.551920772E2,6.506890667E1,2.550163500E1,1.171549026E1,1.071651697E0,3.166900024E2,1.700000048E0,1.110000038E1
7.561920772E2,6.506891500E1,2.550160333E1,1.151548958E1,1.126212239E0,3.130599976E2,1.600000024E0,1.100000000E1
7.571920772E2,6.506892333E1,2.550157333E1,1.131548878E1,1.159669161E0,3.078500061E2,1.600000024E0,1.110000038E1
7.581920772E2,6.506893167E1,2.550154333E1,1.141548799E1,1.210111976E0,2.977399902E2,1.600000024E0,1.080000019E1
7.591920772E2,6.506893833E1,2.550151833E1,1.131548742E1,1.201876402E0,2.964700012E2,1.700000048E0,1.089999962E1
7.601920772E2,6.506894000E1,2.550149667E1,1.151548838E1,1.176655054E0,2.881499939E2,1.700000048E0,1.119999981E1
7.611920772E2,6.506894667E1,2.550147500E1,1.201548757E1,1.216803312E0,3.034899902E2,1.700000048E0,1.100000000E1
7.621920772E2,6.506895500E1,2.550143000E1,1.141548785E1,1.287835002E0,3.074299927E2,1.600000024E0,1.110000038E1
7.631920772E2,6.506897000E1,2.550140167E1,1.191548457E1,1.313571095E0,3.041000061E2,1.600000024E0,1.080000019E1
7.641920772E2,6.506898167E1,2.550137667E1,1.211548224E1,1.339307189E0,3.228399963E2,1.600000024E0,1.100000000E1
7.651920772E2,6.506899167E1,2.550135167E1,1.231548050E1,1.338277817E0,3.133299866E2,1.700000048E0,1.110000038E1
7.661920772E2,6.506899833E1,2.550132667E1,1.231547993E1,1.313056350E0,3.032200012E2,1.600000024E0,1.100000000E1
7.671920772E2,6.506900333E1,2.550130333E1,1.221547983E1,1.290923357E0,3.133299866E2,1.700000048E0,1.080000019E1
7.681920772E2,6.506901000E1,2.550128333E1,1.241547890E1,1.293496966E0,3.221900024E2,1.600000024E0,1.080000019E1
7.691920772E2,6.506902333E1,2.550126333E1,1.261547562E1,1.322836161E0,3.417300110E2,1.600000024E0,1.050000000E1
7.701920772E2,6.506903833E1,2.550125833E1,1.281547068E1,1.378940821E0,3.530899963E2,1.500000000E0,1.000000000E1
7.711920772E2,6.506905000E1,2.550126000E1,1.281546645E1,1.376367211E0,4.429999828E0,1.500000000E0,9.899999619E0
7.721920772E2,6.506906167E1,2.550126833E1,1.281546173E1,1.348572254E0,8.420000076E0,1.500000000E0,9.800000191E0
7.731920772E2,6.506907333E1,2.550128000E1,1.271545678E1,1.351660609E0,1.273999977E1,1.500000000E0,1.000000000E1
7.741920772E2,6.506908333E1,2.550129500E1,1.271545218E1,1.350116372E0,1.796999931E1,1.500000000E0,1.000000000E1
7.751920772E2,6.506909667E1,2.550130667E1,1.291544665E1,1.380485058E0,1.876000023E1,1.500000000E0,1.000000000E1
7.761920772E2,6.506910833E1,2.550131500E1,1.291544193E1,1.415486097E0,2.407999992E1,1.500000000E0,9.899999619E0
7.771920772E2,6.506912167E1,2.550133000E1,1.251543616E1,1.445854664E0,3.129000092E1,1.500000000E0,9.899999619E0
7.781920772E2,6.506913500E1,2.550134500E1,1.211543039E1,1.448428392E0,2.877000046E1,1.500000000E0,9.899999619E0
7.791920772E2,6.506914833E1,2.550135667E1,1.171542485E1,1.462325811E0,2.910000038E1,1.500000000E0,9.899999619E0
7.801920772E2,6.506915833E1,2.550137167E1,1.131542025E1,1.460781693E0,3.352999878E1,1.500000000E0,9.899999619E0
7.811920772E2,6.506916833E1,2.550138667E1,1.101541565E1,1.442766428E0,3.447999954E1,1.500000000E0,1.000000000E1
7.821920772E2,6.506917667E1,2.550139833E1,1.091541188E1,1.424751163E0,3.490000153E1,1.500000000E0,1.010000038E1
7.831920772E2,6.506918667E1,2.550141333E1,1.071540728E1,1.418059707E0,3.940000153E1,1.500000000E0,1.000000000E1
7.841920772E2,6.506919500E1,2.550143000E1,1.051540316E1,1.403647542E0,4.031999969E1,1.500000000E0,1.010000038E1
7.851920772E2,6.506920333E1,2.550144667E1,1.051539903E1,1.372249484E0,3.970000076E1,1.500000000E0,1.010000038E1
7.861920772E2,6.506921333E1,2.550146667E1,1.061539408E1,1.334159970E0,3.420999908E1,1.500000000E0,1.000000000E1
7.871920772E2,6.506922333E1,2.550148500E1,1.071538924E1,1.314085841E0,3.395999908E1,1.500000000E0,9.899999619E0
7.881920772E2,6.506923333E1,2.550150500E1,1.091538429E1,1.277540565E0,3.668999863E1,1.500000000E0,9.899999619E0
7.891920772E2,6.506924500E1,2.550152500E1,1.101537875E1,1.255922198E0,3.920000076E1,1.500000000E0,9.899999619E0
7.901920772E2,6.506925333E1,2.550154167E1,1.121537463E1,1.255922198E0,4.365999985E1,1.500000000E0,1.010000038E1
7.911920772E2,6.506926167E1,2.550156167E1,1.131537027E1,1.274966955E0,4.733000183E1,1.500000000E0,1.030000019E1
7.921920772E2,6.506927000E1,2.550157667E1,1.141536626E1,1.281658292E0,4.184000015E1,1.500000000E0,1.019999981E1
7.931920772E2,6.506928167E1,2.550159500E1,1.111536084E1,1.297614694E0,3.870999908E1,1.500000000E0,1.010000038E1
7.941920772E2,6.506929667E1,2.550161333E1,1.111535424E1,1.319233060E0,4.413999939E1,1.500000000E0,1.000000000E1
7.951920772E2,6.506930500E1,2.550163167E1,1.101535000E1,1.292982221E0,3.540000153E1,1.500000000E0,1.019999981E1
7.961920772E2,6.506931167E1,2.550164167E1,1.111534694E1,1.310997486E0,3.508000183E1,1.500000000E0,1.019999981E1
7.971920772E2,6.506932000E1,2.550166333E1,1.121534246E1,1.312026978E0,3.529999924E1,1.500000000E0,1.010000038E1
7.981920772E2,6.506932833E1,2.550168167E1,1.121533822E1,1.333130598E0,3.402999878E1,1.500000000E0,1.010000038E1
7.991920772E2,6.506933667E1,2.550169833E1,1.141533409E1,1.334159970E0,3.884999847E1,1.500000000E0,1.000000000E1
8.001920772E2,6.506934500E1,2.550172167E1,1.141532950E1,1.326439142E0,4.806000137E1,1.500000000E0,1.000000000E1
8.011920772E2,6.506935333E1,2.550174333E1,1.181532502E1,1.317688942E0,4.615999985E1,1.500000000E0,9.899999619E0
8.021920772E2,6.506936167E1,2.550175500E1,1.191532125E1,1.311512232E0,3.690000153E1,1.500000000E0,9.899999619E0
8.031920772E2,6.506937000E1,2.550176833E1,1.151531736E1,1.287835002E0,3.022999954E1,1.500000000E0,9.899999619E0
8.041920772E2,6.506937833E1,2.550178000E1,1.101531360E1,1.263128281E0,3.126000023E1,1.500000000E0,1.010000038E1
8.051920772E2,6.506938833E1,2.550179833E1,1.081530877E1,1.318718314E0,3.279999924E1,1.500000000E0,1.010000038E1
8.061920772E2,6.506940167E1,2.550182000E1,1.071530253E1,1.331071615E0,2.787000084E1,1.500000000E0,1.019999981E1
8.071920772E2,6.506941333E1,2.550184167E1,1.081529688E1,1.360925555E0,3.325999832E1,1.500000000E0,1.019999981E1
8.081920772E2,6.506942667E1,2.550185667E1,1.091529111E1,1.389235258E0,3.874000168E1,1.500000000E0,1.010000038E1
8.091920772E2,6.506943667E1,2.550187333E1,1.121528640E1,1.407765269E0,3.584000015E1,1.500000000E0,1.010000038E1
8.101920772E2,6.506944833E1,2.550189000E1,1.141528111E1,1.419089198E0,3.965999985E1,1.500000000E0,1.000000000E1
8.111920772E2,6.506945833E1,2.550191000E1,1.121527616E1,1.414971352E0,2.795999908E1,1.500000000E0,9.899999619E0
8.121920772E2,6.506946833E1,2.550192667E1,1.121527145E1,1.428354144E0,3.486000061E1,1.500000000E0,1.000000000E1
8.131920772E2,6.506947667E1,2.550194333E1,1.121526733E1,1.440707445E0,3.381999969E1,1.500000000E0,1.019999981E1
8.141920772E2,6.506948500E1,2.550195833E1,1.151526333E1,1.438648582E0,3.445000076E1,1.500000000E0,1.010000038E1
8.151920772E2,6.506949667E1,2.550197667E1,1.191525792E1,1.408280015E0,2.618000031E1,1.500000000E0,1.000000000E1
8.161920772E2,6.506950667E1,2.550199667E1,1.221525298E1,1.382029176E0,3.045999908E1,1.500000000E0,1.000000000E1
8.171920772E2,6.506951667E1,2.550201500E1,1.231524815E1,1.330042243E0,4.379000092E1,1.500000000E0,9.699999809E0
8.181920772E2,6.506952500E1,2.550203500E1,1.231524379E1,1.294011712E0,4.608000183E1,1.399999976E0,9.899999619E0
8.191920772E2,6.506953500E1,2.550205500E1,1.241523885E1,1.273422837E0,4.190999985E1,1.500000000E0,9.899999619E0
8.201920772E2,6.506954333E1,2.550207000E1,1.231523485E1,1.260554671E0,3.738999939E1,1.500000000E0,1.010000038E1
8.211920772E2,6.506955167E1,2.550208500E1,1.231523085E1,1.259525299E0,4.233000183E1,1.500000000E0,1.000000000E1
8.221920772E2,6.506956167E1,2.550210167E1,1.271522615E1,1.260554671E0,4.066999817E1,1.500000000E0,9.899999619E0
8.231920772E2,6.506957167E1,2.550212167E1,1.321522121E1,1.264672518E0,3.888999939E1,1.500000000E0,9.899999619E0
8.241920772E2,6.506958000E1,2.550214000E1,1.351521697E1,1.278570056E0,3.952000046E1,1.500000000E0,9.899999619E0
8.251920772E2,6.506959000E1,2.550215500E1,1.391521238E1,1.299158931E0,3.370000076E1,1.500000000E0,1.000000000E1
8.261920772E2,6.506959833E1,2.550217167E1,1.421520827E1,1.303276658E0,3.254000092E1,1.500000000E0,1.000000000E1
8.271920772E2,6.506960833E1,2.550218833E1,1.451520356E1,1.338277817E0,3.147999954E1,1.500000000E0,1.000000000E1
8.281920772E2,6.506962000E1,2.550220500E1,1.481519827E1,1.344454408E0,3.550999832E1,1.500000000E0,1.000000000E1
8.291920772E2,6.506963167E1,2.550221833E1,1.491519322E1,1.340336680E0,3.425999832E1,1.500000000E0,1.010000038E1
8.301920772E2,6.506964333E1,2.550223167E1,1.481518816E1,1.336733580E0,3.176000023E1,1.500000000E0,1.010000038E1
8.311920772E2,6.506965500E1,2.550224833E1,1.461518287E1,1.330556989E0,2.362000084E1,1.500000000E0,1.019999981E1
8.321920772E2,6.506966667E1,2.550225833E1,1.451517806E1,1.337248325E0,2.136000061E1,1.500000000E0,9.800000191E0
8.331920772E2,6.506968000E1,2.550227167E1,1.441517242E1,1.359896064E0,2.464999962E1,1.500000000E0,1.000000000E1
8.341920772E2,6.506969167E1,2.550228667E1,1.441516724E1,1.371734738E0,3.400999832E1,1.500000000E0,9.899999619E0
8.351920772E2,6.506970167E1,2.550230500E1,1.451516242E1,1.370190501E0,2.770000076E1,1.500000000E0,1.000000000E1
8.361920772E2,6.506971167E1,2.550232333E1,1.461515761E1,1.374308348E0,3.139999962E1,1.500000000E0,1.000000000E1
8.371920772E2,6.506972333E1,2.550234000E1,1.471515232E1,1.351660609E0,2.589999962E1,1.500000000E0,1.010000038E1
8.381920772E2,6.506973333E1,2.550234833E1,1.481514821E1,1.334674716E0,1.590999985E1,1.500000000E0,1.030000019E1
8.391920772E2,6.506974333E1,2.550236000E1,1.481514386E1,1.319747806E0,2.272999954E1,1.500000000E0,1.010000038E1
8.401920772E2,6.506975167E1,2.550236833E1,1.511514033E1,1.308423877E0,1.907999992E1,1.500000000E0,1.010000038E1
8.411920772E2,6.506975333E1,2.550237333E1,1.511513939E1,1.206508875E0,6.360000134E0,1.600000024E0,1.010000038E1
8.421920772E2,6.506975333E1,2.550237833E1,1.511513904E1,1.063416123E0,3.340599976E2,1.500000000E0,9.899999619E0
8.431920772E2,6.506975333E1,2.550237833E1,1.501513904E1,9.115730524E-1,3.304400024E2,1.500000000E0,9.899999619E0
8.441920772E2,6.506975167E1,2.550237833E1,1.491513963E1,7.731127739E-1,2.916900024E2,1.399999976E0,9.899999619E0
8.451920772E2,6.506975000E1,2.550237833E1,1.471514021E1,6.367114186E-1,2.795000076E1,1.399999976E0,1.010000038E1
8.461920772E2,6.506974833E1,2.550238000E1,1.451514068E1,5.131780505E-1,1.901799927E2,1.500000000E0,9.899999619E0
